region,year,category,mode,powertrain,ev_sales,ev_sales_yoy_growth,ev_stock,ev_stock_yoy_growth,total_stations,total_stations_yoy_growth
Australia,2011,Historical,Cars,EV,49.0,,49.0,,,
Australia,2012,Historical,Cars,EV,250.0,410.2040816326531,300.0,512.2448979591836,,
Australia,2013,Historical,Cars,EV,290.0,15.999999999999993,590.0,96.66666666666666,,
Australia,2014,Historical,Cars,EV,1320.0,355.1724137931035,1880.0,218.64406779661016,,
Australia,2015,Historical,Cars,EV,1760.0,33.33333333333333,3600.0,91.48936170212767,,
Australia,2016,Historical,Cars,EV,1370.0,-22.159090909090907,5000.0,38.888888888888886,,
Australia,2017,Historical,Cars,EV,2300.0,67.88321167883211,7300.0,46.0,,
Australia,2018,Historical,Cars,EV,3600.0,56.52173913043479,10900.0,49.31506849315068,,
Australia,2019,Historical,Cars,EV,9200.0,155.55555555555554,20600.0,88.9908256880734,,
Australia,2020,Historical,Cars,EV,6900.0,-25.0,27000.0,31.06796116504855,,
Australia,2021,Historical,Cars,EV,20400.0,195.65217391304347,48000.0,77.77777777777777,,
Australia,2022,Historical,Cars,EV,38900.0,90.68627450980394,88000.0,83.33333333333333,,
Australia,2023,Historical,Cars,EV,98000.0,151.9280205655527,181000.0,105.68181818181816,,
Austria,2010,Historical,Cars,EV,0.0,,350.0,,,
Austria,2011,Historical,Cars,EV,0.0,,990.0,182.85714285714286,,
Austria,2012,Historical,Cars,EV,0.0,,1540.0,55.55555555555556,,
Austria,2013,Historical,Cars,EV,650.0,,2510.0,62.98701298701299,,
Austria,2014,Historical,Cars,EV,1700.0,161.53846153846155,4180.0,66.53386454183267,,
Austria,2015,Historical,Cars,EV,2800.0,64.70588235294117,6500.0,55.50239234449761,,
Austria,2016,Historical,Cars,EV,5000.0,78.57142857142858,11400.0,75.38461538461539,,
Austria,2017,Historical,Cars,EV,7100.0,41.99999999999999,18900.0,65.78947368421053,,
Austria,2018,Historical,Cars,EV,9100.0,28.169014084507047,26700.0,41.26984126984128,,
Austria,2019,Historical,Cars,EV,11500.0,26.37362637362637,38000.0,42.32209737827715,,
Austria,2020,Historical,Cars,EV,23600.0,105.21739130434784,60000.0,57.89473684210527,,
Austria,2021,Historical,Cars,EV,48000.0,103.38983050847457,106000.0,76.66666666666666,,
Austria,2022,Historical,Cars,EV,47000.0,-2.083333333333337,152000.0,43.39622641509433,,
Austria,2023,Historical,Cars,EV,65000.0,38.29787234042554,221000.0,45.39473684210527,,
Belgium,2010,Historical,Buses,EV,0.0,,3.0,,,
Belgium,2011,Historical,Buses,EV,0.0,,3.0,0.0,,
Belgium,2012,Historical,Buses,EV,0.0,,3.0,0.0,,
Belgium,2013,Historical,Buses,EV,0.0,,3.0,0.0,,
Belgium,2014,Historical,Buses,EV,3.0,,39.0,1200.0,,
Belgium,2015,Historical,Buses,EV,0.0,-100.0,87.0,123.07692307692308,,
Belgium,2016,Historical,Buses,EV,0.0,,117.0,34.48275862068966,,
Belgium,2017,Historical,Buses,EV,2.0,,140.0,19.658119658119656,,
Belgium,2018,Historical,Buses,EV,14.0,600.0,161.0,14.999999999999991,,
Belgium,2019,Historical,Buses,EV,48.0,242.85714285714283,219.0,36.024844720496894,,
Belgium,2020,Historical,Buses,EV,55.0,14.583333333333325,275.0,25.570776255707763,,
Belgium,2021,Historical,Buses,EV,242.0,340.00000000000006,320.0,16.36363636363636,,
Belgium,2022,Historical,Buses,EV,67.0,-72.31404958677685,330.0,3.125,,
Belgium,2023,Historical,Buses,EV,450.0,571.6417910447761,890.0,169.6969696969697,,
Belgium,2010,Historical,Cars,EV,56.0,,70.0,,,
Belgium,2011,Historical,Cars,EV,296.0,428.57142857142856,346.0,394.28571428571433,,
Belgium,2012,Historical,Cars,EV,910.0,207.43243243243242,1180.0,241.04046242774567,,
Belgium,2013,Historical,Cars,EV,560.0,-38.46153846153846,1790.0,51.69491525423729,,
Belgium,2014,Historical,Cars,EV,1950.0,248.21428571428572,3700.0,106.70391061452516,,
Belgium,2015,Historical,Cars,EV,3900.0,100.0,7100.0,91.89189189189189,,
Belgium,2016,Historical,Cars,EV,9200.0,135.8974358974359,16200.0,128.16901408450704,,
Belgium,2017,Historical,Cars,EV,14700.0,59.78260869565217,30500.0,88.2716049382716,,
Belgium,2018,Historical,Cars,EV,13200.0,-10.204081632653061,44000.0,44.26229508196722,,
Belgium,2019,Historical,Cars,EV,17700.0,34.09090909090908,60000.0,36.36363636363635,,
Belgium,2020,Historical,Cars,EV,47000.0,165.53672316384183,105000.0,75.0,,
Belgium,2021,Historical,Cars,EV,71000.0,51.06382978723405,172000.0,63.8095238095238,,
Belgium,2022,Historical,Cars,EV,97000.0,36.61971830985915,270000.0,56.9767441860465,,
Belgium,2023,Historical,Cars,EV,193000.0,98.96907216494846,470000.0,74.07407407407408,,
Belgium,2010,Historical,Trucks,EV,0.0,,2.0,,,
Belgium,2011,Historical,Trucks,EV,1.0,,6.0,200.0,,
Belgium,2012,Historical,Trucks,EV,0.0,-100.0,7.0,16.666666666666675,,
Belgium,2013,Historical,Trucks,EV,0.0,,7.0,0.0,,
Belgium,2014,Historical,Trucks,EV,1.0,,11.0,57.14285714285714,,
Belgium,2015,Historical,Trucks,EV,0.0,-100.0,12.0,9.090909090909083,,
Belgium,2016,Historical,Trucks,EV,1.0,,13.0,8.333333333333325,,
Belgium,2017,Historical,Trucks,EV,0.0,-100.0,14.0,7.692307692307687,,
Belgium,2018,Historical,Trucks,EV,1.0,,17.0,21.42857142857142,,
Belgium,2019,Historical,Trucks,EV,0.0,-100.0,17.0,0.0,,
Belgium,2020,Historical,Trucks,EV,6.0,,19.0,11.764705882352944,,
Belgium,2021,Historical,Trucks,EV,5.0,-16.666666666666664,21.0,10.526315789473696,,
Belgium,2022,Historical,Trucks,EV,31.0,520.0,37.0,76.19047619047619,,
Belgium,2023,Historical,Trucks,EV,168.0,441.9354838709677,218.0,489.1891891891892,,
Belgium,2010,Historical,Vans,EV,7.0,,62.0,,,
Belgium,2011,Historical,Vans,EV,25.0,257.14285714285717,79.0,27.419354838709676,,
Belgium,2012,Historical,Vans,EV,260.0,940.0,330.0,317.72151898734177,,
Belgium,2013,Historical,Vans,EV,110.0,-57.692307692307686,430.0,30.303030303030297,,
Belgium,2014,Historical,Vans,EV,99.0,-9.999999999999998,520.0,20.93023255813953,,
Belgium,2015,Historical,Vans,EV,68.0,-31.313131313131315,570.0,9.615384615384626,,
Belgium,2016,Historical,Vans,EV,140.0,105.88235294117645,691.0,21.228070175438596,,
Belgium,2017,Historical,Vans,EV,131.0,-6.428571428571428,784.0,13.458755426917502,,
Belgium,2018,Historical,Vans,EV,262.0,100.0,1007.0,28.443877551020403,,
Belgium,2019,Historical,Vans,EV,400.0,52.67175572519085,1413.0,40.317775571002976,,
Belgium,2020,Historical,Vans,EV,496.0,24.0,1850.0,30.92710544939845,,
Belgium,2021,Historical,Vans,EV,679.0,36.89516129032258,2510.0,35.67567567567566,,
Belgium,2022,Historical,Vans,EV,1898.0,179.5287187039764,4340.0,72.90836653386454,,
Belgium,2023,Historical,Vans,EV,3124.0,64.59430979978926,7690.0,77.18894009216591,,
Brazil,2013,Historical,Buses,EV,5.0,,0.0,,,
Brazil,2015,Historical,Buses,EV,0.0,-100.0,5.0,,,
Brazil,2016,Historical,Buses,EV,0.0,,5.0,0.0,,
Brazil,2017,Historical,Buses,EV,3.0,,8.0,60.00000000000001,,
Brazil,2018,Historical,Buses,EV,18.0,500.0,30.0,275.0,,
Brazil,2019,Historical,Buses,EV,32.0,77.77777777777777,99.0,229.99999999999997,,
Brazil,2020,Historical,Buses,EV,37.0,15.625,95.0,-4.040404040404044,,
Brazil,2021,Historical,Buses,EV,240.0,548.6486486486486,360.0,278.9473684210526,,
Brazil,2022,Historical,Buses,EV,610.0,154.16666666666666,950.0,163.88888888888889,,
Brazil,2023,Historical,Buses,EV,200.0,-67.21311475409837,1200.0,26.315789473684205,,
Brazil,2010,Historical,Cars,EV,10.0,,0.0,,,
Brazil,2011,Historical,Cars,EV,8.0,-19.999999999999996,0.0,,,
Brazil,2012,Historical,Cars,EV,40.0,400.0,0.0,,,
Brazil,2013,Historical,Cars,EV,72.0,80.0,0.0,,,
Brazil,2014,Historical,Cars,EV,61.0,-15.277777777777779,61.0,,,
Brazil,2015,Historical,Cars,EV,89.0,45.9016393442623,148.0,142.62295081967213,,
Brazil,2016,Historical,Cars,EV,177.0,98.87640449438202,325.0,119.59459459459461,,
Brazil,2017,Historical,Cars,EV,430.0,142.93785310734464,680.0,109.23076923076924,,
Brazil,2018,Historical,Cars,EV,410.0,-4.651162790697672,1050.0,54.41176470588236,,
Brazil,2019,Historical,Cars,EV,1940.0,373.17073170731703,2990.0,184.76190476190476,,
Brazil,2020,Historical,Cars,EV,2600.0,34.020618556701024,5400.0,80.6020066889632,,
Brazil,2021,Historical,Cars,EV,13900.0,434.6153846153846,19400.0,259.25925925925924,,
Brazil,2022,Historical,Cars,EV,18500.0,33.09352517985611,39000.0,101.03092783505154,,
Brazil,2023,Historical,Cars,EV,52000.0,181.0810810810811,92000.0,135.8974358974359,,
Brazil,2018,Historical,Trucks,EV,40.0,,40.0,,,
Brazil,2019,Historical,Trucks,EV,23.0,-42.50000000000001,63.0,57.49999999999999,,
Brazil,2020,Historical,Trucks,EV,15.0,-34.78260869565217,78.0,23.809523809523814,,
Brazil,2021,Historical,Trucks,EV,290.0,1833.3333333333333,370.0,374.35897435897436,,
Brazil,2022,Historical,Trucks,EV,710.0,144.82758620689654,1100.0,197.2972972972973,,
Brazil,2023,Historical,Trucks,EV,810.0,14.084507042253524,1900.0,72.72727272727273,,
Brazil,2013,Historical,Vans,EV,7.0,,0.0,,,
Brazil,2014,Historical,Vans,EV,13.0,85.71428571428572,0.0,,,
Brazil,2015,Historical,Vans,EV,3.0,-76.92307692307692,0.0,,,
Brazil,2016,Historical,Vans,EV,6.0,100.0,0.0,,,
Brazil,2017,Historical,Vans,EV,18.0,200.0,0.0,,,
Brazil,2018,Historical,Vans,EV,5.0,-72.22222222222221,4.0,,,
Brazil,2019,Historical,Vans,EV,14.0,179.99999999999997,15.0,275.0,,
Brazil,2020,Historical,Vans,EV,58.0,314.28571428571433,27.0,80.0,,
Brazil,2021,Historical,Vans,EV,150.0,158.6206896551724,170.0,529.6296296296297,,
Brazil,2022,Historical,Vans,EV,520.0,246.66666666666669,1100.0,547.0588235294118,,
Brazil,2023,Historical,Vans,EV,690.0,32.692307692307686,1500.0,36.36363636363635,,
Bulgaria,2015,Historical,Cars,EV,21.0,,0.0,,,
Bulgaria,2016,Historical,Cars,EV,13.0,-38.095238095238095,0.0,,,
Bulgaria,2017,Historical,Cars,EV,106.0,715.3846153846154,0.0,,,
Bulgaria,2018,Historical,Cars,EV,216.0,103.77358490566037,0.0,,,
Bulgaria,2019,Historical,Cars,EV,236.0,9.259259259259256,0.0,,,
Bulgaria,2020,Historical,Cars,EV,181.0,-23.305084745762716,0.0,,,
Bulgaria,2021,Historical,Cars,EV,550.0,203.86740331491714,0.0,,,
Bulgaria,2022,Historical,Cars,EV,1140.0,107.27272727272728,0.0,,,
Bulgaria,2023,Historical,Cars,EV,2160.0,89.4736842105263,0.0,,,
Canada,2016,Historical,Buses,EV,5.0,,0.0,,,
Canada,2017,Historical,Buses,EV,11.0,120.00000000000001,0.0,,,
Canada,2018,Historical,Buses,EV,19.0,72.72727272727273,19.0,,,
Canada,2019,Historical,Buses,EV,49.0,157.89473684210526,68.0,257.89473684210526,,
Canada,2020,Historical,Buses,EV,63.0,28.57142857142858,270.0,297.05882352941177,,
Canada,2021,Historical,Buses,EV,250.0,296.82539682539687,430.0,59.25925925925925,,
Canada,2022,Historical,Buses,EV,190.0,-24.0,690.0,60.46511627906976,,
Canada,2023,Historical,Buses,EV,790.0,315.7894736842105,1600.0,131.8840579710145,,
Canada,2011,Historical,Cars,EV,520.0,,550.0,,,
Canada,2012,Historical,Cars,EV,1920.0,269.2307692307692,2430.0,341.8181818181818,,
Canada,2013,Historical,Cars,EV,3100.0,61.45833333333333,5500.0,126.33744855967079,,
Canada,2014,Historical,Cars,EV,5100.0,64.51612903225808,10700.0,94.54545454545456,,
Canada,2015,Historical,Cars,EV,6800.0,33.33333333333333,17600.0,64.48598130841121,,
Canada,2016,Historical,Cars,EV,11600.0,70.58823529411764,29000.0,64.77272727272727,,
Canada,2017,Historical,Cars,EV,16700.0,43.96551724137932,47000.0,62.06896551724137,,
Canada,2018,Historical,Cars,EV,44000.0,163.47305389221555,87000.0,85.10638297872339,,
Canada,2019,Historical,Cars,EV,51000.0,15.909090909090917,136000.0,56.32183908045978,,
Canada,2020,Historical,Cars,EV,51000.0,0.0,212000.0,55.88235294117647,,
Canada,2021,Historical,Cars,EV,87000.0,70.58823529411764,300000.0,41.50943396226414,,
Canada,2022,Historical,Cars,EV,115000.0,32.18390804597702,410000.0,36.66666666666667,,
Canada,2023,Historical,Cars,EV,171000.0,48.695652173913054,550000.0,34.14634146341464,,
Canada,2010,Historical,Trucks,EV,1.0,,0.0,,,
Canada,2011,Historical,Trucks,EV,2.0,100.0,2.0,,,
Canada,2012,Historical,Trucks,EV,3.0,50.0,5.0,150.0,,
Canada,2013,Historical,Trucks,EV,8.0,166.66666666666666,13.0,160.0,,
Canada,2014,Historical,Trucks,EV,6.0,-25.0,19.0,46.153846153846146,,
Canada,2015,Historical,Trucks,EV,9.0,50.0,28.0,47.36842105263157,,
Canada,2016,Historical,Trucks,EV,0.0,-100.0,28.0,0.0,,
Canada,2017,Historical,Trucks,EV,0.0,,28.0,0.0,,
Canada,2018,Historical,Trucks,EV,7.0,,35.0,25.0,,
Canada,2019,Historical,Trucks,EV,0.0,-100.0,35.0,0.0,,
Canada,2020,Historical,Trucks,EV,0.0,,4.80000019073486,-86.28571374075754,,
Canada,2021,Historical,Trucks,EV,20.0,,22.0,358.33331512080406,,
Canada,2022,Historical,Trucks,EV,830.0,4050.0,780.0,3445.4545454545455,,
Canada,2023,Historical,Trucks,EV,2000.0,140.96385542168676,2400.0,207.6923076923077,,
Canada,2015,Historical,Vans,EV,6.0,,6.0,,,
Canada,2016,Historical,Vans,EV,0.0,-100.0,6.0,0.0,,
Canada,2017,Historical,Vans,EV,0.0,,6.0,0.0,,
Canada,2018,Historical,Vans,EV,0.0,,6.0,0.0,,
Canada,2019,Historical,Vans,EV,0.0,,6.0,0.0,,
Canada,2020,Historical,Vans,EV,3000.0,,0.0,-100.0,,
Canada,2021,Historical,Vans,EV,5200.0,73.33333333333334,0.0,,,
Canada,2022,Historical,Vans,EV,10100.0,94.23076923076923,0.0,,,
Canada,2023,Historical,Vans,EV,13200.0,30.6930693069307,0.0,,,
Chile,2011,Historical,Cars,EV,6.0,,6.0,,,
Chile,2012,Historical,Cars,EV,5.0,-16.666666666666664,11.0,83.33333333333333,,
Chile,2013,Historical,Cars,EV,5.0,0.0,16.0,45.45454545454546,,
Chile,2014,Historical,Cars,EV,17.0,240.0,33.0,106.25,,
Chile,2015,Historical,Cars,EV,33.0,94.11764705882352,69.0,109.09090909090908,,
Chile,2016,Historical,Cars,EV,27.0,-18.181818181818176,100.0,44.927536231884055,,
Chile,2017,Historical,Cars,EV,135.0,400.0,231.0,131.0,,
Chile,2018,Historical,Cars,EV,168.0,24.444444444444446,410.0,77.4891774891775,,
Chile,2019,Historical,Cars,EV,300.0,78.57142857142858,650.0,58.53658536585367,,
Chile,2020,Historical,Cars,EV,189.0,-37.0,840.0,29.230769230769237,,
Chile,2021,Historical,Cars,EV,570.0,201.58730158730157,1410.0,67.85714285714286,,
Chile,2022,Historical,Cars,EV,1500.0,163.15789473684214,2900.0,105.67375886524823,,
Chile,2023,Historical,Cars,EV,920.0,-38.66666666666667,3900.0,34.48275862068966,,
China,2010,Historical,Buses,EV,970.0,,1900.0,,,
China,2011,Historical,Buses,EV,600.0,-38.144329896907216,4260.0,124.21052631578947,,
China,2012,Historical,Buses,EV,1910.0,218.33333333333331,6580.0,54.46009389671362,,
China,2013,Historical,Buses,EV,3800.0,98.95287958115185,10000.0,51.975683890577514,,
China,2014,Historical,Buses,EV,10000.0,163.15789473684214,30400.0,204.0,,
China,2015,Historical,Buses,EV,56000.0,459.99999999999994,120000.0,294.7368421052631,,
China,2016,Historical,Buses,EV,83600.0,49.28571428571429,219000.0,82.5,,
China,2017,Historical,Buses,EV,88240.0,5.55023923444975,310000.0,41.55251141552512,,
China,2018,Historical,Buses,EV,84200.0,-4.578422484134181,391000.0,26.129032258064512,,
China,2019,Historical,Buses,EV,69300.0,-17.69596199524941,462000.0,18.158567774936053,,
China,2020,Historical,Buses,EV,56800.0,-18.03751803751804,514000.0,11.255411255411252,,
China,2021,Historical,Buses,EV,42860.0,-24.542253521126757,565000.0,9.922178988326857,,
China,2022,Historical,Buses,EV,45100.0,5.226318245450301,606000.0,7.2566371681416,,
China,2023,Historical,Buses,EV,30300.0,-32.81596452328159,637000.0,5.115511551155105,,
China,2010,Historical,Cars,EV,1440.0,,1940.0,,,
China,2011,Historical,Cars,EV,5120.0,255.55555555555554,6960.0,258.7628865979382,,
China,2012,Historical,Cars,EV,9860.0,92.578125,16920.0,143.10344827586206,,
China,2013,Historical,Cars,EV,15730.0,59.53346855983772,32600.0,92.67139479905437,,
China,2014,Historical,Cars,EV,73000.0,364.08137317228227,85000.0,160.7361963190184,,
China,2015,Historical,Cars,EV,211000.0,189.04109589041096,297000.0,249.41176470588235,,
China,2016,Historical,Cars,EV,339000.0,60.66350710900474,630000.0,112.12121212121211,,
China,2017,Historical,Cars,EV,580000.0,71.0914454277286,1210000.0,92.06349206349206,,
China,2018,Historical,Cars,EV,1090000.0,87.93103448275863,2240000.0,85.12396694214877,,
China,2019,Historical,Cars,EV,1060000.0,-2.752293577981646,3370000.0,50.446428571428584,,
China,2020,Historical,Cars,EV,1140000.0,7.547169811320753,4490000.0,33.23442136498515,,
China,2021,Historical,Cars,EV,3250000.0,185.08771929824564,7800000.0,73.71937639198218,,
China,2022,Historical,Cars,EV,5900000.0,81.53846153846153,14100000.0,80.76923076923077,,
China,2023,Historical,Cars,EV,8100000.0,37.28813559322033,21800000.0,54.60992907801418,,
China,2010,Historical,Trucks,EV,0.0,,16.0,,,
China,2011,Historical,Trucks,EV,0.0,,120.0,650.0,,
China,2012,Historical,Trucks,EV,0.0,,540.0,350.0,,
China,2013,Historical,Trucks,EV,0.0,,1400.0,159.25925925925927,,
China,2014,Historical,Trucks,EV,0.0,,1700.0,21.42857142857142,,
China,2015,Historical,Trucks,EV,17000.0,,17000.0,900.0,,
China,2016,Historical,Trucks,EV,46000.0,170.58823529411765,64000.0,276.4705882352941,,
China,2017,Historical,Trucks,EV,71000.0,54.347826086956516,130000.0,103.125,,
China,2018,Historical,Trucks,EV,36000.0,-49.29577464788733,170000.0,30.76923076923077,,
China,2019,Historical,Trucks,EV,24031.0,-33.24722222222222,190031.0,11.782941176470585,,
China,2020,Historical,Trucks,EV,17027.0,-29.145686821189297,210058.0,10.538806826254653,,
China,2021,Historical,Trucks,EV,18520.0,8.768426616550196,230580.0,9.76968265907512,,
China,2022,Historical,Trucks,EV,34260.0,84.98920086393089,260840.0,13.123427877526229,,
China,2023,Historical,Trucks,EV,38320.0,11.850554582603623,301200.0,15.47308694985432,,
China,2010,Historical,Vans,EV,120.0,,400.0,,,
China,2011,Historical,Vans,EV,150.0,25.0,700.0,75.0,,
China,2012,Historical,Vans,EV,670.0,346.6666666666667,1200.0,71.42857142857142,,
China,2013,Historical,Vans,EV,750.0,11.940298507462677,1800.0,50.0,,
China,2014,Historical,Vans,EV,480.0,-36.0,2500.0,38.888888888888886,,
China,2015,Historical,Vans,EV,15000.0,3025.0,15017.0,500.68,,
China,2016,Historical,Vans,EV,11000.0,-26.66666666666667,53017.0,253.04654724645403,,
China,2017,Historical,Vans,EV,68000.0,518.1818181818181,120017.0,126.37455910368374,,
China,2018,Historical,Vans,EV,54000.0,-20.588235294117652,200017.0,66.65722355999566,,
China,2019,Historical,Vans,EV,27027.0,-49.95,250044.0,25.01137403320717,,
China,2020,Historical,Vans,EV,26001.0,-3.796203796203801,270077.0,8.0117899249732,,
China,2021,Historical,Vans,EV,71160.0,173.68178146994347,330230.0,22.272537091273968,,
China,2022,Historical,Vans,EV,171500.0,141.0061832490163,461700.0,39.81164642824697,,
China,2023,Historical,Vans,EV,240000.0,39.941690962099116,681700.0,47.649989170457,,
Colombia,2015,Historical,Cars,EV,42.0,,0.0,,,
Colombia,2016,Historical,Cars,EV,53.0,26.190476190476186,0.0,,,
Colombia,2017,Historical,Cars,EV,148.0,179.2452830188679,0.0,,,
Colombia,2018,Historical,Cars,EV,570.0,285.13513513513516,0.0,,,
Colombia,2019,Historical,Cars,EV,1320.0,131.57894736842107,0.0,,,
Colombia,2020,Historical,Cars,EV,950.0,-28.030303030303028,0.0,,,
Colombia,2021,Historical,Cars,EV,2540.0,167.36842105263156,0.0,,,
Colombia,2022,Historical,Cars,EV,4300.0,69.29133858267717,0.0,,,
Colombia,2023,Historical,Cars,EV,6100.0,41.86046511627908,0.0,,,
Costa Rica,2015,Historical,Cars,EV,4.0,,140.0,,,
Costa Rica,2016,Historical,Cars,EV,12.0,200.0,160.0,14.28571428571428,,
Costa Rica,2017,Historical,Cars,EV,25.0,108.33333333333334,180.0,12.5,,
Costa Rica,2018,Historical,Cars,EV,200.0,700.0,380.0,111.11111111111111,,
Costa Rica,2019,Historical,Cars,EV,460.0,129.99999999999997,840.0,121.05263157894738,,
Costa Rica,2020,Historical,Cars,EV,630.0,36.956521739130444,1500.0,78.57142857142858,,
Costa Rica,2021,Historical,Cars,EV,1000.0,58.73015873015872,2500.0,66.66666666666667,,
Costa Rica,2022,Historical,Cars,EV,1600.0,60.00000000000001,4100.0,63.99999999999999,,
Costa Rica,2023,Historical,Cars,EV,4900.0,206.25,9000.0,119.51219512195124,,
Croatia,2019,Historical,Cars,EV,257.0,,0.0,,,
Croatia,2020,Historical,Cars,EV,670.0,160.70038910505838,0.0,,,
Croatia,2021,Historical,Cars,EV,1800.0,168.65671641791047,0.0,,,
Croatia,2022,Historical,Cars,EV,2240.0,24.444444444444446,0.0,,,
Croatia,2023,Historical,Cars,EV,2590.0,15.625,0.0,,,
Cyprus,2019,Historical,Cars,EV,23.0,,0.0,,,
Cyprus,2020,Historical,Cars,EV,125.0,443.47826086956525,0.0,,,
Cyprus,2021,Historical,Cars,EV,182.0,45.599999999999994,0.0,,,
Cyprus,2022,Historical,Cars,EV,630.0,246.15384615384616,0.0,,,
Cyprus,2023,Historical,Cars,EV,1300.0,106.34920634920637,0.0,,,
Czech Republic,2015,Historical,Cars,EV,300.0,,0.0,,,
Czech Republic,2016,Historical,Cars,EV,200.0,-33.333333333333336,0.0,,,
Czech Republic,2017,Historical,Cars,EV,390.0,95.0,0.0,,,
Czech Republic,2018,Historical,Cars,EV,980.0,151.28205128205127,0.0,,,
Czech Republic,2019,Historical,Cars,EV,1230.0,25.510204081632647,0.0,,,
Czech Republic,2020,Historical,Cars,EV,5300.0,330.8943089430894,0.0,,,
Czech Republic,2021,Historical,Cars,EV,6400.0,20.75471698113207,0.0,,,
Czech Republic,2022,Historical,Cars,EV,7500.0,17.1875,0.0,,,
Czech Republic,2023,Historical,Cars,EV,12000.0,60.00000000000001,0.0,,,
Denmark,2011,Historical,Buses,EV,1.0,,1.0,,,
Denmark,2012,Historical,Buses,EV,1.0,0.0,2.0,100.0,,
Denmark,2013,Historical,Buses,EV,2.0,100.0,4.0,100.0,,
Denmark,2014,Historical,Buses,EV,0.0,-100.0,4.0,0.0,,
Denmark,2015,Historical,Buses,EV,0.0,,4.0,0.0,,
Denmark,2016,Historical,Buses,EV,3.0,,6.0,50.0,,
Denmark,2017,Historical,Buses,EV,0.0,-100.0,6.0,0.0,,
Denmark,2018,Historical,Buses,EV,2.0,,8.0,33.33333333333333,,
Denmark,2019,Historical,Buses,EV,117.0,5750.0,107.0,1237.5,,
Denmark,2020,Historical,Buses,EV,6.0,-94.87179487179486,111.0,3.738317757009346,,
Denmark,2021,Historical,Buses,EV,220.0,3566.6666666666665,334.0,200.9009009009009,,
Denmark,2022,Historical,Buses,EV,400.0,81.81818181818181,726.0,117.36526946107784,,
Denmark,2023,Historical,Buses,EV,200.0,-50.0,937.0,29.06336088154271,,
Denmark,2010,Historical,Cars,EV,0.0,,79.0,,,
Denmark,2011,Historical,Cars,EV,422.0,,500.0,532.9113924050633,,
Denmark,2012,Historical,Cars,EV,502.0,18.957345971563978,1214.0,142.79999999999998,,
Denmark,2013,Historical,Cars,EV,510.0,1.5936254980079667,1514.0,24.71169686985173,,
Denmark,2014,Historical,Cars,EV,1690.0,231.37254901960787,3000.0,98.15059445178336,,
Denmark,2015,Historical,Cars,EV,4720.0,179.28994082840237,8470.0,182.33333333333331,,
Denmark,2016,Historical,Cars,EV,1870.0,-60.3813559322034,9800.0,15.702479338842966,,
Denmark,2017,Historical,Cars,EV,1330.0,-28.877005347593588,10600.0,8.163265306122458,,
Denmark,2018,Historical,Cars,EV,4600.0,245.86466165413535,15200.0,43.39622641509433,,
Denmark,2019,Historical,Cars,EV,9400.0,104.34782608695654,25900.0,70.39473684210526,,
Denmark,2020,Historical,Cars,EV,32000.0,240.4255319148936,62000.0,139.3822393822394,,
Denmark,2021,Historical,Cars,EV,65000.0,103.125,145000.0,133.8709677419355,,
Denmark,2022,Historical,Cars,EV,57000.0,-12.307692307692308,210000.0,44.827586206896555,,
Denmark,2023,Historical,Cars,EV,80000.0,40.35087719298245,310000.0,47.61904761904763,,
Denmark,2010,Historical,Trucks,EV,4.0,,9.0,,,
Denmark,2011,Historical,Trucks,EV,0.0,-100.0,10.0,11.111111111111116,,
Denmark,2012,Historical,Trucks,EV,1.0,,10.0,0.0,,
Denmark,2013,Historical,Trucks,EV,1.0,0.0,11.0,10.000000000000009,,
Denmark,2014,Historical,Trucks,EV,0.0,-100.0,11.0,0.0,,
Denmark,2015,Historical,Trucks,EV,0.0,,11.0,0.0,,
Denmark,2016,Historical,Trucks,EV,0.0,,8.0,-27.27272727272727,,
Denmark,2017,Historical,Trucks,EV,1.0,,8.0,0.0,,
Denmark,2018,Historical,Trucks,EV,3.0,200.0,8.0,0.0,,
Denmark,2019,Historical,Trucks,EV,3.0,0.0,13.0,62.5,,
Denmark,2020,Historical,Trucks,EV,28.0,833.3333333333334,28.0,115.38461538461537,,
Denmark,2021,Historical,Trucks,EV,50.0,78.57142857142858,56.0,100.0,,
Denmark,2022,Historical,Trucks,EV,100.0,100.0,99.0,76.78571428571428,,
Denmark,2023,Historical,Trucks,EV,320.0,220.00000000000003,460.0,364.6464646464646,,
Denmark,2010,Historical,Vans,EV,6.0,,6.0,,,
Denmark,2011,Historical,Vans,EV,23.0,283.33333333333337,29.0,383.3333333333333,,
Denmark,2012,Historical,Vans,EV,138.0,500.0,229.0,689.655172413793,,
Denmark,2013,Historical,Vans,EV,102.0,-26.086956521739136,322.0,40.611353711790386,,
Denmark,2014,Historical,Vans,EV,49.0,-51.96078431372548,364.0,13.043478260869556,,
Denmark,2015,Historical,Vans,EV,345.0,604.0816326530612,690.0,89.56043956043955,,
Denmark,2016,Historical,Vans,EV,138.0,-60.0,800.0,15.94202898550725,,
Denmark,2017,Historical,Vans,EV,94.0,-31.88405797101449,710.0,-11.250000000000004,,
Denmark,2018,Historical,Vans,EV,251.0,167.02127659574467,900.0,26.7605633802817,,
Denmark,2019,Historical,Vans,EV,304.0,21.11553784860558,1160.0,28.888888888888896,,
Denmark,2020,Historical,Vans,EV,780.0,156.57894736842107,1730.0,49.13793103448276,,
Denmark,2021,Historical,Vans,EV,1820.0,133.33333333333334,3380.0,95.37572254335261,,
Denmark,2022,Historical,Vans,EV,2270.0,24.725274725274726,5600.0,65.68047337278107,,
Denmark,2023,Historical,Vans,EV,3270.0,44.05286343612336,8800.0,57.14285714285714,,
EU27,2010,Historical,Buses,EV,130.0,,1900.0,,,
EU27,2011,Historical,Buses,EV,36.0,-72.3076923076923,1900.0,0.0,,
EU27,2012,Historical,Buses,EV,47.0,30.555555555555557,1500.0,-21.052631578947366,,
EU27,2013,Historical,Buses,EV,68.0,44.6808510638298,1000.0,-33.333333333333336,,
EU27,2014,Historical,Buses,EV,222.0,226.47058823529412,842.0,-15.800000000000002,,
EU27,2015,Historical,Buses,EV,145.0,-34.68468468468468,1310.0,55.58194774346794,,
EU27,2016,Historical,Buses,EV,620.0,327.5862068965517,1810.0,38.167938931297705,,
EU27,2017,Historical,Buses,EV,374.0,-39.677419354838705,2300.0,27.0718232044199,,
EU27,2018,Historical,Buses,EV,674.0,80.21390374331551,2300.0,0.0,,
EU27,2019,Historical,Buses,EV,1651.0,144.9554896142433,4490.0,95.21739130434783,,
EU27,2020,Historical,Buses,EV,1867.0,13.082980012113875,6400.0,42.53897550111358,,
EU27,2021,Historical,Buses,EV,3240.0,73.54043920728441,9140.0,42.81250000000001,,
EU27,2022,Historical,Buses,EV,3672.0,13.33333333333333,11910.0,30.306345733041585,,
EU27,2023,Historical,Buses,EV,5360.0,45.96949891067539,16810.0,41.14189756507136,,
EU27,2010,Historical,Cars,EV,1191.0,,4940.0,,,
EU27,2011,Historical,Cars,EV,7460.0,526.3643996641478,12430.0,151.6194331983806,,
EU27,2012,Historical,Cars,EV,19500.0,161.39410187667562,30900.0,148.592115848753,,
EU27,2013,Historical,Cars,EV,45000.0,130.76923076923075,77000.0,149.19093851132686,,
EU27,2014,Historical,Cars,EV,57000.0,26.66666666666666,132000.0,71.42857142857142,,
EU27,2015,Historical,Cars,EV,119000.0,108.77192982456138,250000.0,89.3939393939394,,
EU27,2016,Historical,Cars,EV,119000.0,0.0,360000.0,43.99999999999999,,
EU27,2017,Historical,Cars,EV,174000.0,46.218487394957975,540000.0,50.0,,
EU27,2018,Historical,Cars,EV,250000.0,43.67816091954022,760000.0,40.74074074074075,,
EU27,2019,Historical,Cars,EV,390000.0,56.00000000000001,1110000.0,46.05263157894737,,
EU27,2020,Historical,Cars,EV,1050000.0,169.23076923076925,2090000.0,88.2882882882883,,
EU27,2021,Historical,Cars,EV,1770000.0,68.57142857142857,3900000.0,86.60287081339713,,
EU27,2022,Historical,Cars,EV,2100000.0,18.644067796610166,5600000.0,43.58974358974359,,
EU27,2023,Historical,Cars,EV,2450000.0,16.666666666666675,8100000.0,44.64285714285714,,
EU27,2010,Historical,Trucks,EV,26.0,,97.0,,,
EU27,2011,Historical,Trucks,EV,11.0,-57.692307692307686,110.0,13.4020618556701,,
EU27,2012,Historical,Trucks,EV,10.0,-9.090909090909093,140.0,27.27272727272727,,
EU27,2013,Historical,Trucks,EV,16.0,60.00000000000001,160.0,14.28571428571428,,
EU27,2014,Historical,Trucks,EV,32.0,100.0,180.0,12.5,,
EU27,2015,Historical,Trucks,EV,18.0,-43.75,206.0,14.444444444444438,,
EU27,2016,Historical,Trucks,EV,54.0,200.0,259.0,25.728155339805838,,
EU27,2017,Historical,Trucks,EV,45.0,-16.666666666666664,312.0,20.463320463320468,,
EU27,2018,Historical,Trucks,EV,381.0,746.6666666666666,616.0,97.43589743589745,,
EU27,2019,Historical,Trucks,EV,801.0,110.23622047244092,457.0,-25.811688311688307,,
EU27,2020,Historical,Trucks,EV,1003.0,25.218476903870158,561.0,22.75711159737417,,
EU27,2021,Historical,Trucks,EV,1426.0,42.17347956131605,1648.0,193.76114081996434,,
EU27,2022,Historical,Trucks,EV,2524.0,76.99859747545581,2764.0,67.71844660194175,,
EU27,2023,Historical,Trucks,EV,8238.0,226.3866877971474,14100.0,410.13024602026053,,
EU27,2010,Historical,Vans,EV,1300.0,,3110.0,,,
EU27,2011,Historical,Vans,EV,2200.0,69.23076923076923,5360.0,72.34726688102894,,
EU27,2012,Historical,Vans,EV,6511.0,195.95454545454544,12310.0,129.6641791044776,,
EU27,2013,Historical,Vans,EV,6605.0,1.4437106435263303,18370.0,49.22826969943135,,
EU27,2014,Historical,Vans,EV,6902.0,4.496593489780465,25450.0,38.54109961894392,,
EU27,2015,Historical,Vans,EV,8110.0,17.502173283106348,34740.0,36.50294695481335,,
EU27,2016,Historical,Vans,EV,10081.0,24.303329223181258,46200.0,32.98791018998273,,
EU27,2017,Historical,Vans,EV,14027.0,39.14294216843568,60800.0,31.601731601731608,,
EU27,2018,Historical,Vans,EV,20042.0,42.88158551365224,80700.0,32.73026315789473,,
EU27,2019,Historical,Vans,EV,23041.0,14.963576489372322,103600.0,28.37670384138786,,
EU27,2020,Historical,Vans,EV,29530.0,28.162840154507187,126100.0,21.718146718146713,,
EU27,2021,Historical,Vans,EV,47100.0,59.49881476464611,174100.0,38.065027755749405,,
EU27,2022,Historical,Vans,EV,66600.0,41.40127388535031,215600.0,23.836875358989083,,
EU27,2023,Historical,Vans,EV,112200.0,68.46846846846846,318400.0,47.680890538033395,,
Estonia,2015,Historical,Cars,EV,34.0,,0.0,,,
Estonia,2016,Historical,Cars,EV,35.0,2.941176470588225,0.0,,,
Estonia,2017,Historical,Cars,EV,46.0,31.428571428571427,0.0,,,
Estonia,2018,Historical,Cars,EV,118.0,156.52173913043475,0.0,,,
Estonia,2019,Historical,Cars,EV,97.0,-17.796610169491522,0.0,,,
Estonia,2020,Historical,Cars,EV,415.0,327.83505154639175,0.0,,,
Estonia,2021,Historical,Cars,EV,720.0,73.49397590361446,0.0,,,
Estonia,2022,Historical,Cars,EV,1160.0,61.111111111111114,0.0,,,
Estonia,2023,Historical,Cars,EV,1960.0,68.96551724137932,0.0,,,
Europe,2010,Historical,Buses,EV,130.0,,6300.0,,,
Europe,2011,Historical,Buses,EV,38.0,-70.76923076923076,6400.0,1.5873015873015817,,
Europe,2012,Historical,Buses,EV,68.0,78.94736842105263,5700.0,-10.9375,,
Europe,2013,Historical,Buses,EV,120.0,76.47058823529412,5200.0,-8.771929824561408,,
Europe,2014,Historical,Buses,EV,312.0,160.0,4532.0,-12.846153846153852,,
Europe,2015,Historical,Buses,EV,195.0,-37.5,4720.0,4.148278905560465,,
Europe,2016,Historical,Buses,EV,850.0,335.89743589743586,5560.0,17.796610169491522,,
Europe,2017,Historical,Buses,EV,532.0,-37.411764705882355,3290.0,-40.827338129496404,,
Europe,2018,Historical,Buses,EV,920.0,72.93233082706767,3570.0,8.51063829787233,,
Europe,2019,Historical,Buses,EV,1994.0,116.7391304347826,6100.0,70.86834733893556,,
Europe,2020,Historical,Buses,EV,2530.0,26.880641925777326,8600.0,40.98360655737705,,
Europe,2021,Historical,Buses,EV,4040.0,59.68379446640317,11300.0,31.39534883720929,,
Europe,2022,Historical,Buses,EV,5073.0,25.56930693069306,16300.0,44.24778761061947,,
Europe,2023,Historical,Buses,EV,8460.0,66.7652276759314,23200.0,42.331288343558285,,
Europe,2010,Historical,Cars,EV,1810.0,,9863.0,,,
Europe,2011,Historical,Cars,EV,11410.0,530.3867403314916,20510.0,107.94889992902768,,
Europe,2012,Historical,Cars,EV,28200.0,147.15162138475023,46700.0,127.69380789858604,,
Europe,2013,Historical,Cars,EV,59000.0,109.21985815602837,104000.0,122.69807280513918,,
Europe,2014,Historical,Cars,EV,96000.0,62.71186440677967,200000.0,92.3076923076923,,
Europe,2015,Historical,Cars,EV,189000.0,96.875,380000.0,89.99999999999999,,
Europe,2016,Historical,Cars,EV,213000.0,12.698412698412698,590000.0,55.263157894736835,,
Europe,2017,Historical,Cars,EV,300000.0,40.8450704225352,880000.0,49.152542372881356,,
Europe,2018,Historical,Cars,EV,400000.0,33.33333333333333,1250000.0,42.04545454545454,,
Europe,2019,Historical,Cars,EV,580000.0,44.99999999999999,1770000.0,41.599999999999994,,
Europe,2020,Historical,Cars,EV,1400000.0,141.3793103448276,3100000.0,75.14124293785312,,
Europe,2021,Historical,Cars,EV,2300000.0,64.28571428571428,5400000.0,74.19354838709677,,
Europe,2022,Historical,Cars,EV,2700000.0,17.391304347826097,7800000.0,44.44444444444444,,
Europe,2023,Historical,Cars,EV,3300000.0,22.222222222222232,11200000.0,43.58974358974359,,
Europe,2010,Historical,Trucks,EV,36.0,,1000.0,,,
Europe,2011,Historical,Trucks,EV,18.0,-50.0,970.0,-3.0000000000000027,,
Europe,2012,Historical,Trucks,EV,19.0,5.555555555555558,860.0,-11.340206185567014,,
Europe,2013,Historical,Trucks,EV,24.0,26.315789473684205,760.0,-11.627906976744185,,
Europe,2014,Historical,Trucks,EV,46.0,91.66666666666667,700.0,-7.8947368421052655,,
Europe,2015,Historical,Trucks,EV,30.0,-34.78260869565217,636.0,-9.142857142857142,,
Europe,2016,Historical,Trucks,EV,62.0,106.66666666666669,679.0,6.76100628930818,,
Europe,2017,Historical,Trucks,EV,51.0,-17.741935483870964,692.0,1.9145802650957222,,
Europe,2018,Historical,Trucks,EV,391.0,666.6666666666667,986.0,42.48554913294797,,
Europe,2019,Historical,Trucks,EV,861.0,120.20460358056266,827.0,-16.12576064908722,,
Europe,2020,Historical,Trucks,EV,1104.0,28.222996515679434,942.0,13.905683192261176,,
Europe,2021,Historical,Trucks,EV,1726.0,56.34057971014492,2250.0,138.8535031847134,,
Europe,2022,Historical,Trucks,EV,3724.0,115.75898030127463,4369.0,94.17777777777778,,
Europe,2023,Historical,Trucks,EV,11038.0,196.40171858216974,18100.0,314.2824444953079,,
Europe,2010,Historical,Vans,EV,1500.0,,6910.0,,,
Europe,2011,Historical,Vans,EV,2500.0,66.66666666666667,8960.0,29.667149059334296,,
Europe,2012,Historical,Vans,EV,7111.0,184.43999999999997,15310.0,70.87053571428572,,
Europe,2013,Historical,Vans,EV,7305.0,2.7281676276191824,22370.0,46.11365120836055,,
Europe,2014,Historical,Vans,EV,8406.0,15.071868583162207,30450.0,36.1198033080018,,
Europe,2015,Historical,Vans,EV,10000.0,18.962645729241025,40840.0,34.12151067323481,,
Europe,2016,Historical,Vans,EV,12160.0,21.599999999999998,54400.0,33.20274240940255,,
Europe,2017,Historical,Vans,EV,16120.0,32.565789473684205,71000.0,30.514705882352942,,
Europe,2018,Historical,Vans,EV,24190.0,50.0620347394541,95100.0,33.943661971830984,,
Europe,2019,Historical,Vans,EV,29260.0,20.95907399751964,125200.0,31.65089379600421,,
Europe,2020,Historical,Vans,EV,39100.0,33.62952836637048,157300.0,25.638977635782755,,
Europe,2021,Historical,Vans,EV,63500.0,62.40409207161126,216900.0,37.8893833439288,,
Europe,2022,Historical,Vans,EV,93300.0,46.92913385826771,289000.0,33.24112494236975,,
Europe,2023,Historical,Vans,EV,152400.0,63.34405144694535,432000.0,49.48096885813149,,
Finland,2016,Historical,Buses,EV,0.0,,26.0,,,
Finland,2017,Historical,Buses,EV,2.0,,44.0,69.23076923076923,,
Finland,2018,Historical,Buses,EV,1.0,-50.0,42.0,-4.545454545454541,,
Finland,2019,Historical,Buses,EV,40.0,3900.0,124.0,195.23809523809524,,
Finland,2020,Historical,Buses,EV,25.0,-37.5,87.0,-29.838709677419352,,
Finland,2021,Historical,Buses,EV,190.0,660.0,272.0,212.64367816091956,,
Finland,2022,Historical,Buses,EV,280.0,47.36842105263157,552.0,102.94117647058823,,
Finland,2023,Historical,Buses,EV,110.0,-60.71428571428572,642.0,16.30434782608696,,
Finland,2011,Historical,Cars,EV,30.0,,56.0,,,
Finland,2012,Historical,Cars,EV,181.0,503.3333333333333,240.0,328.57142857142856,,
Finland,2013,Historical,Cars,EV,220.0,21.54696132596685,470.0,95.83333333333333,,
Finland,2014,Historical,Cars,EV,440.0,100.0,930.0,97.87234042553192,,
Finland,2015,Historical,Cars,EV,660.0,50.0,1580.0,69.89247311827957,,
Finland,2016,Historical,Cars,EV,1420.0,115.15151515151514,3240.0,105.06329113924049,,
Finland,2017,Historical,Cars,EV,3100.0,118.3098591549296,7100.0,119.1358024691358,,
Finland,2018,Historical,Cars,EV,5680.0,83.22580645161291,15400.0,116.90140845070425,,
Finland,2019,Historical,Cars,EV,7900.0,39.08450704225353,29700.0,92.85714285714286,,
Finland,2020,Historical,Cars,EV,17200.0,117.72151898734178,55700.0,87.54208754208754,,
Finland,2021,Historical,Cars,EV,30000.0,74.4186046511628,100000.0,79.53321364452424,,
Finland,2022,Historical,Cars,EV,31000.0,3.3333333333333437,145000.0,44.99999999999999,,
Finland,2023,Historical,Cars,EV,48000.0,54.83870967741935,224000.0,54.48275862068965,,
Finland,2017,Historical,Trucks,EV,2.0,,0.0,,,
Finland,2019,Historical,Trucks,EV,2.0,0.0,2.0,,,
Finland,2020,Historical,Trucks,EV,5.0,150.0,7.0,250.0,,
Finland,2021,Historical,Trucks,EV,3.0,-40.0,9.0,28.57142857142858,,
Finland,2022,Historical,Trucks,EV,19.0,533.3333333333333,25.0,177.77777777777777,,
Finland,2023,Historical,Trucks,EV,76.0,300.0,110.0,340.00000000000006,,
Finland,2017,Historical,Vans,EV,49.0,,210.0,,,
Finland,2018,Historical,Vans,EV,55.0,12.244897959183664,260.0,23.809523809523814,,
Finland,2019,Historical,Vans,EV,60.0,9.090909090909083,349.0,34.23076923076922,,
Finland,2020,Historical,Vans,EV,209.0,248.33333333333334,550.0,57.59312320916905,,
Finland,2021,Historical,Vans,EV,378.0,80.86124401913875,980.0,78.18181818181817,,
Finland,2022,Historical,Vans,EV,707.0,87.03703703703705,1860.0,89.79591836734696,,
Finland,2023,Historical,Vans,EV,1614.0,128.28854314002828,3490.0,87.63440860215054,,
France,2010,Historical,Buses,EV,16.0,,44.0,,,
France,2011,Historical,Buses,EV,21.0,31.25,64.0,45.45454545454546,,
France,2012,Historical,Buses,EV,25.0,19.047619047619047,92.0,43.75,,
France,2013,Historical,Buses,EV,24.0,-4.0000000000000036,120.0,30.434782608695656,,
France,2014,Historical,Buses,EV,40.0,66.66666666666667,150.0,25.0,,
France,2015,Historical,Buses,EV,51.0,27.499999999999993,190.0,26.66666666666666,,
France,2016,Historical,Buses,EV,75.0,47.058823529411775,251.0,32.10526315789475,,
France,2017,Historical,Buses,EV,17.0,-77.33333333333333,301.0,19.920318725099605,,
France,2018,Historical,Buses,EV,95.0,458.8235294117647,341.0,13.289036544850497,,
France,2019,Historical,Buses,EV,280.0,194.73684210526315,571.0,67.44868035190616,,
France,2020,Historical,Buses,EV,180.0,-35.71428571428571,690.0,20.84063047285465,,
France,2021,Historical,Buses,EV,620.0,244.44444444444446,1370.0,98.55072463768116,,
France,2022,Historical,Buses,EV,802.0,29.35483870967741,1770.0,29.197080291970813,,
France,2023,Historical,Buses,EV,740.0,-7.730673316708225,2103.0,18.813559322033903,,
France,2010,Historical,Cars,EV,272.0,,300.0,,,
France,2011,Historical,Cars,EV,2656.0,876.4705882352941,2996.0,898.6666666666666,,
France,2012,Historical,Cars,EV,6360.0,139.4578313253012,9300.0,210.4138851802403,,
France,2013,Historical,Cars,EV,9750.0,53.30188679245283,18500.0,98.9247311827957,,
France,2014,Historical,Cars,EV,13100.0,34.35897435897435,31600.0,70.81081081081082,,
France,2015,Historical,Cars,EV,23800.0,81.6793893129771,54300.0,71.83544303797468,,
France,2016,Historical,Cars,EV,30600.0,28.57142857142858,84000.0,54.69613259668509,,
France,2017,Historical,Cars,EV,38000.0,24.183006535947715,147000.0,75.0,,
France,2018,Historical,Cars,EV,48000.0,26.315789473684205,188000.0,27.891156462585045,,
France,2019,Historical,Cars,EV,64000.0,33.33333333333333,255000.0,35.63829787234043,,
France,2020,Historical,Cars,EV,185000.0,189.0625,440000.0,72.54901960784315,,
France,2021,Historical,Cars,EV,310000.0,67.56756756756756,740000.0,68.18181818181819,,
France,2022,Historical,Cars,EV,340000.0,9.677419354838701,1050000.0,41.89189189189189,,
France,2023,Historical,Cars,EV,470000.0,38.23529411764706,1570000.0,49.523809523809526,,
France,2010,Historical,Trucks,EV,21.0,,62.0,,,
France,2011,Historical,Trucks,EV,8.0,-61.904761904761905,65.0,4.8387096774193505,,
France,2012,Historical,Trucks,EV,6.0,-25.0,64.0,-1.538461538461533,,
France,2013,Historical,Trucks,EV,7.0,16.666666666666675,69.0,7.8125,,
France,2014,Historical,Trucks,EV,12.0,71.42857142857142,72.0,4.347826086956519,,
France,2015,Historical,Trucks,EV,1.0,-91.66666666666666,58.0,-19.444444444444443,,
France,2016,Historical,Trucks,EV,6.0,500.0,58.0,0.0,,
France,2017,Historical,Trucks,EV,16.0,166.66666666666666,77.0,32.75862068965518,,
France,2018,Historical,Trucks,EV,26.0,62.5,103.0,33.76623376623375,,
France,2019,Historical,Trucks,EV,21.0,-19.23076923076923,88.0,-14.563106796116509,,
France,2020,Historical,Trucks,EV,15.0,-28.57142857142857,80.0,-9.090909090909093,,
France,2021,Historical,Trucks,EV,39.0,160.0,79.0,-1.2499999999999956,,
France,2022,Historical,Trucks,EV,380.0,874.3589743589743,440.0,456.9620253164557,,
France,2023,Historical,Trucks,EV,3200.0,742.1052631578947,3710.0,743.1818181818181,,
France,2010,Historical,Vans,EV,800.0,,1710.0,,,
France,2011,Historical,Vans,EV,1700.0,112.5,3460.0,102.33918128654973,,
France,2012,Historical,Vans,EV,3600.0,111.76470588235294,7100.0,105.2023121387283,,
France,2013,Historical,Vans,EV,5100.0,41.66666666666667,12360.0,74.0845070422535,,
France,2014,Historical,Vans,EV,4500.0,-11.764705882352944,16430.0,32.92880258899675,,
France,2015,Historical,Vans,EV,4910.0,9.111111111111114,21630.0,31.649421789409615,,
France,2016,Historical,Vans,EV,5500.0,12.016293279022406,28000.0,29.44983818770226,,
France,2017,Historical,Vans,EV,6000.0,9.090909090909083,34600.0,23.571428571428577,,
France,2018,Historical,Vans,EV,8200.0,36.66666666666667,43500.0,25.722543352601157,,
France,2019,Historical,Vans,EV,8104.0,-1.1707317073170742,53200.0,22.298850574712638,,
France,2020,Historical,Vans,EV,9200.0,13.524185587364258,62200.0,16.91729323308271,,
France,2021,Historical,Vans,EV,12800.0,39.13043478260869,70500.0,13.344051446945349,,
France,2022,Historical,Vans,EV,16520.0,29.062499999999993,74990.0,6.368794326241134,,
France,2023,Historical,Vans,EV,30220.0,82.92978208232446,82600.0,10.148019735964798,,
Germany,2016,Historical,Buses,EV,230.0,,230.0,,,
Germany,2017,Historical,Buses,EV,29.0,-87.3913043478261,260.0,13.043478260869556,,
Germany,2018,Historical,Buses,EV,43.0,48.27586206896552,280.0,7.692307692307687,,
Germany,2019,Historical,Buses,EV,190.0,341.86046511627904,500.0,78.57142857142858,,
Germany,2020,Historical,Buses,EV,390.0,105.26315789473686,890.0,78.0,,
Germany,2021,Historical,Buses,EV,615.0,57.692307692307686,1430.0,60.67415730337078,,
Germany,2022,Historical,Buses,EV,645.0,4.878048780487809,1830.0,27.97202797202798,,
Germany,2023,Historical,Buses,EV,845.0,31.00775193798451,2940.0,60.65573770491803,,
Germany,2010,Historical,Cars,EV,140.0,,250.0,,,
Germany,2011,Historical,Cars,EV,1640.0,1071.4285714285713,1840.0,636.0,,
Germany,2012,Historical,Cars,EV,3400.0,107.31707317073172,5300.0,188.0434782608696,,
Germany,2013,Historical,Cars,EV,6800.0,100.0,12200.0,130.18867924528303,,
Germany,2014,Historical,Cars,EV,13500.0,98.52941176470588,25400.0,108.1967213114754,,
Germany,2015,Historical,Cars,EV,23000.0,70.37037037037037,45000.0,77.16535433070865,,
Germany,2016,Historical,Cars,EV,24000.0,4.347826086956519,66000.0,46.66666666666666,,
Germany,2017,Historical,Cars,EV,54000.0,125.0,104000.0,57.57575757575757,,
Germany,2018,Historical,Cars,EV,67000.0,24.07407407407407,165000.0,58.653846153846146,,
Germany,2019,Historical,Cars,EV,108000.0,61.19402985074627,240000.0,45.45454545454546,,
Germany,2020,Historical,Cars,EV,390000.0,261.11111111111114,610000.0,154.16666666666666,,
Germany,2021,Historical,Cars,EV,690000.0,76.92307692307692,1250000.0,104.91803278688523,,
Germany,2022,Historical,Cars,EV,830000.0,20.28985507246377,1860000.0,48.8,,
Germany,2023,Historical,Cars,EV,700000.0,-15.662650602409634,2500000.0,34.408602150537625,,
Germany,2018,Historical,Trucks,EV,280.0,,280.0,,,
Germany,2019,Historical,Trucks,EV,620.0,121.42857142857144,0.0,-100.0,,
Germany,2020,Historical,Trucks,EV,860.0,38.70967741935485,0.0,,,
Germany,2021,Historical,Trucks,EV,1000.0,16.279069767441868,770.0,,,
Germany,2022,Historical,Trucks,EV,1100.0,10.000000000000009,900.0,16.883116883116877,,
Germany,2023,Historical,Trucks,EV,2204.0,100.36363636363635,6104.0,578.2222222222222,,
Germany,2010,Historical,Vans,EV,170.0,,220.0,,,
Germany,2011,Historical,Vans,EV,280.0,64.70588235294117,500.0,127.2727272727273,,
Germany,2012,Historical,Vans,EV,950.0,239.28571428571428,1400.0,179.99999999999997,,
Germany,2013,Historical,Vans,EV,602.0,-36.631578947368425,2002.0,42.99999999999999,,
Germany,2014,Historical,Vans,EV,720.0,19.60132890365449,2802.0,39.960039960039964,,
Germany,2015,Historical,Vans,EV,1002.0,39.16666666666666,3804.0,35.760171306209855,,
Germany,2016,Historical,Vans,EV,2400.0,139.5209580838323,6204.0,63.09148264984228,,
Germany,2017,Historical,Vans,EV,4500.0,87.5,11004.0,77.36943907156673,,
Germany,2018,Historical,Vans,EV,6000.0,33.33333333333333,17004.0,54.52562704471102,,
Germany,2019,Historical,Vans,EV,6700.0,11.66666666666667,22004.0,29.404845918607393,,
Germany,2020,Historical,Vans,EV,8980.0,34.02985074626865,25190.0,14.479185602617717,,
Germany,2021,Historical,Vans,EV,13310.0,48.21826280623609,41500.0,64.7479158396189,,
Germany,2022,Historical,Vans,EV,18770.0,41.021788129226145,53770.0,29.56626506024096,,
Germany,2023,Historical,Vans,EV,25360.0,35.1092168353756,90600.0,68.4954435558862,,
Greece,2013,Historical,Cars,EV,3.0,,3.0,,,
Greece,2014,Historical,Cars,EV,39.0,1200.0,42.0,1300.0,,
Greece,2015,Historical,Cars,EV,57.0,46.153846153846146,119.0,183.33333333333334,,
Greece,2016,Historical,Cars,EV,97.0,70.17543859649122,218.0,83.19327731092436,,
Greece,2017,Historical,Cars,EV,190.0,95.8762886597938,410.0,88.07339449541286,,
Greece,2018,Historical,Cars,EV,298.0,56.84210526315789,720.0,75.60975609756098,,
Greece,2019,Historical,Cars,EV,480.0,61.07382550335569,1200.0,66.66666666666667,,
Greece,2020,Historical,Cars,EV,2180.0,354.1666666666667,3300.0,175.0,,
Greece,2021,Historical,Cars,EV,7000.0,221.10091743119264,10300.0,212.12121212121212,,
Greece,2022,Historical,Cars,EV,8300.0,18.571428571428573,19400.0,88.3495145631068,,
Greece,2023,Historical,Cars,EV,17000.0,104.81927710843375,34000.0,75.25773195876289,,
Hungary,2015,Historical,Cars,EV,135.0,,0.0,,,
Hungary,2016,Historical,Cars,EV,340.0,151.85185185185185,0.0,,,
Hungary,2017,Historical,Cars,EV,1190.0,250.0,0.0,,,
Hungary,2018,Historical,Cars,EV,2070.0,73.94957983193278,0.0,,,
Hungary,2019,Historical,Cars,EV,2900.0,40.09661835748793,0.0,,,
Hungary,2020,Historical,Cars,EV,6000.0,106.89655172413795,0.0,,,
Hungary,2021,Historical,Cars,EV,8500.0,41.66666666666667,0.0,,,
Hungary,2022,Historical,Cars,EV,9600.0,12.941176470588234,0.0,,,
Hungary,2023,Historical,Cars,EV,11300.0,17.708333333333325,0.0,,,
Iceland,2010,Historical,Cars,EV,0.0,,14.0,,,
Iceland,2011,Historical,Cars,EV,0.0,,14.0,0.0,,
Iceland,2012,Historical,Cars,EV,26.0,,40.0,185.71428571428572,,
Iceland,2013,Historical,Cars,EV,103.0,296.1538461538462,142.0,254.99999999999997,,
Iceland,2014,Historical,Cars,EV,229.0,122.33009708737863,292.0,105.63380281690141,,
Iceland,2015,Historical,Cars,EV,560.0,144.54148471615719,710.0,143.15068493150687,,
Iceland,2016,Historical,Cars,EV,1160.0,107.14285714285717,1560.0,119.71830985915494,,
Iceland,2017,Historical,Cars,EV,3040.0,162.06896551724137,3900.0,150.0,,
Iceland,2018,Historical,Cars,EV,3680.0,21.052631578947366,8000.0,105.12820512820511,,
Iceland,2019,Historical,Cars,EV,3100.0,-15.760869565217394,11000.0,37.5,,
Iceland,2020,Historical,Cars,EV,4900.0,58.06451612903225,15000.0,36.36363636363635,,
Iceland,2021,Historical,Cars,EV,9100.0,85.71428571428572,21500.0,43.333333333333336,,
Iceland,2022,Historical,Cars,EV,12000.0,31.868131868131865,33000.0,53.48837209302326,,
Iceland,2023,Historical,Cars,EV,12400.0,3.3333333333333437,44000.0,33.33333333333333,,
India,2015,Historical,Buses,EV,100.0,,100.0,,,
India,2016,Historical,Buses,EV,25.0,-75.0,100.0,0.0,,
India,2017,Historical,Buses,EV,20.0,-19.999999999999996,100.0,0.0,,
India,2018,Historical,Buses,EV,210.0,950.0,100.0,0.0,,
India,2019,Historical,Buses,EV,460.0,119.04761904761907,550.0,450.0,,
India,2020,Historical,Buses,EV,2200.0,378.2608695652174,1100.0,100.0,,
India,2021,Historical,Buses,EV,1200.0,-45.45454545454546,2100.0,90.90909090909092,,
India,2022,Historical,Buses,EV,2000.0,66.66666666666667,3100.0,47.61904761904763,,
India,2023,Historical,Buses,EV,2300.0,14.999999999999991,8400.0,170.96774193548384,,
India,2010,Historical,Cars,EV,450.0,,880.0,,,
India,2011,Historical,Cars,EV,1400.0,211.11111111111111,1300.0,47.72727272727273,,
India,2012,Historical,Cars,EV,190.0,-86.42857142857143,2800.0,115.38461538461537,,
India,2013,Historical,Cars,EV,410.0,115.78947368421053,2900.0,3.571428571428581,,
India,2014,Historical,Cars,EV,1000.0,143.90243902439025,3400.0,17.24137931034482,,
India,2015,Historical,Cars,EV,450.0,-55.00000000000001,4400.0,29.41176470588236,,
India,2016,Historical,Cars,EV,730.0,62.22222222222222,4800.0,9.090909090909083,,
India,2017,Historical,Cars,EV,920.0,26.027397260273965,7000.0,45.83333333333333,,
India,2018,Historical,Cars,EV,920.0,0.0,7900.0,12.857142857142856,,
India,2019,Historical,Cars,EV,687.0,-25.326086956521742,8607.0,8.949367088607584,,
India,2020,Historical,Cars,EV,3143.0,357.49636098981074,12050.0,40.00232369001975,,
India,2021,Historical,Cars,EV,12050.0,283.39166401527206,23100.0,91.70124481327801,,
India,2022,Historical,Cars,EV,48023.0,298.5311203319502,72120.0,212.2077922077922,,
India,2023,Historical,Cars,EV,82270.0,71.31374549694938,150390.0,108.52745424292847,,
India,2016,Historical,Vans,EV,180.0,,180.0,,,
India,2017,Historical,Vans,EV,1200.0,566.6666666666667,1400.0,677.7777777777777,,
India,2018,Historical,Vans,EV,1500.0,25.0,2900.0,107.14285714285717,,
India,2019,Historical,Vans,EV,790.0,-47.333333333333336,3700.0,27.586206896551737,,
India,2020,Historical,Vans,EV,1000.0,26.582278481012665,4700.0,27.027027027027017,,
India,2021,Historical,Vans,EV,1700.0,70.0,6400.0,36.170212765957444,,
India,2022,Historical,Vans,EV,510.0,-70.0,6900.0,7.8125,,
India,2023,Historical,Vans,EV,350.0,-31.372549019607842,7300.0,5.797101449275366,,
Ireland,2015,Historical,Cars,EV,590.0,,0.0,,,
Ireland,2016,Historical,Cars,EV,690.0,16.94915254237288,0.0,,,
Ireland,2017,Historical,Cars,EV,950.0,37.681159420289845,0.0,,,
Ireland,2018,Historical,Cars,EV,1940.0,104.21052631578948,0.0,,,
Ireland,2019,Historical,Cars,EV,4700.0,142.26804123711338,0.0,,,
Ireland,2020,Historical,Cars,EV,6500.0,38.29787234042554,0.0,,,
Ireland,2021,Historical,Cars,EV,16500.0,153.84615384615384,0.0,,,
Ireland,2022,Historical,Cars,EV,23700.0,43.636363636363626,0.0,,,
Ireland,2023,Historical,Cars,EV,33000.0,39.240506329113934,0.0,,,
Israel,2013,Historical,Buses,EV,0.001000000047497,,0.0,,,
Israel,2016,Historical,Buses,EV,5.0,499899.97625150107,5.0,,,
Israel,2017,Historical,Buses,EV,40.0,700.0,45.0,800.0,,
Israel,2018,Historical,Buses,EV,23.0,-42.50000000000001,78.0,73.33333333333334,,
Israel,2019,Historical,Buses,EV,16.0,-30.434782608695656,94.0,20.512820512820507,,
Israel,2020,Historical,Buses,EV,24.0,50.0,120.0,27.65957446808511,,
Israel,2021,Historical,Buses,EV,33.0,37.5,150.0,25.0,,
Israel,2022,Historical,Buses,EV,480.0,1354.5454545454545,620.0,313.33333333333337,,
Israel,2023,Historical,Buses,EV,450.0,-6.25,1100.0,77.41935483870968,,
Israel,2010,Historical,Cars,EV,0.0,,6.0,,,
Israel,2011,Historical,Cars,EV,3.0,,85.0,1316.6666666666665,,
Israel,2012,Historical,Cars,EV,601.0,19933.333333333336,611.0,618.8235294117648,,
Israel,2013,Historical,Cars,EV,477.0,-20.63227953410982,1018.0,66.61211129296237,,
Israel,2014,Historical,Cars,EV,58.0,-87.84067085953879,1270.0,24.754420432220048,,
Israel,2015,Historical,Cars,EV,68.0,17.24137931034482,1340.0,5.5118110236220375,,
Israel,2016,Historical,Cars,EV,68.0,0.0,1400.0,4.477611940298498,,
Israel,2017,Historical,Cars,EV,1630.0,2297.0588235294117,3100.0,121.42857142857144,,
Israel,2018,Historical,Cars,EV,3730.0,128.83435582822088,6800.0,119.35483870967741,,
Israel,2019,Historical,Cars,EV,4750.0,27.345844504021443,11400.0,67.64705882352942,,
Israel,2020,Historical,Cars,EV,6900.0,45.26315789473685,18800.0,64.91228070175438,,
Israel,2021,Historical,Cars,EV,24000.0,247.82608695652172,43000.0,128.72340425531914,,
Israel,2022,Historical,Cars,EV,43000.0,79.16666666666667,88000.0,104.65116279069768,,
Israel,2023,Historical,Cars,EV,65000.0,51.162790697674424,151000.0,71.59090909090908,,
Israel,2020,Historical,Vans,EV,45.0,,2.0,,,
Israel,2021,Historical,Vans,EV,78.0,73.33333333333334,26.0,1200.0,,
Israel,2022,Historical,Vans,EV,105.0,34.61538461538463,120.0,361.5384615384615,,
Israel,2023,Historical,Vans,EV,90.0,-14.28571428571429,320.0,166.66666666666666,,
Italy,2016,Historical,Buses,EV,38.0,,38.0,,,
Italy,2017,Historical,Buses,EV,29.0,-23.684210526315784,46.0,21.052631578947366,,
Italy,2018,Historical,Buses,EV,60.0,106.89655172413795,110.0,139.1304347826087,,
Italy,2019,Historical,Buses,EV,65.0,8.333333333333325,540.0,390.90909090909093,,
Italy,2020,Historical,Buses,EV,97.0,49.23076923076923,590.0,9.259259259259256,,
Italy,2021,Historical,Buses,EV,180.0,85.56701030927836,670.0,13.559322033898313,,
Italy,2022,Historical,Buses,EV,120.0,-33.333333333333336,790.0,17.910447761194035,,
Italy,2023,Historical,Buses,EV,410.0,241.66666666666666,1000.0,26.582278481012665,,
Italy,2010,Historical,Cars,EV,40.0,,650.0,,,
Italy,2011,Historical,Cars,EV,110.0,175.0,760.0,16.92307692307693,,
Italy,2012,Historical,Cars,EV,460.0,318.1818181818182,1200.0,57.89473684210527,,
Italy,2013,Historical,Cars,EV,1040.0,126.08695652173911,2180.0,81.66666666666667,,
Italy,2014,Historical,Cars,EV,1340.0,28.846153846153854,3620.0,66.05504587155964,,
Italy,2015,Historical,Cars,EV,2240.0,67.16417910447761,5700.0,57.45856353591161,,
Italy,2016,Historical,Cars,EV,2700.0,20.535714285714278,8500.0,49.122807017543856,,
Italy,2017,Historical,Cars,EV,4900.0,81.4814814814815,13400.0,57.647058823529406,,
Italy,2018,Historical,Cars,EV,9700.0,97.95918367346938,23000.0,71.64179104477613,,
Italy,2019,Historical,Cars,EV,17500.0,80.41237113402062,40000.0,73.91304347826086,,
Italy,2020,Historical,Cars,EV,60000.0,242.85714285714283,99000.0,147.5,,
Italy,2021,Historical,Cars,EV,138000.0,129.99999999999997,230000.0,132.3232323232323,,
Italy,2022,Historical,Cars,EV,114000.0,-17.391304347826086,350000.0,52.17391304347827,,
Italy,2023,Historical,Cars,EV,136000.0,19.298245614035082,490000.0,39.99999999999999,,
Italy,2010,Historical,Vans,EV,210.0,,820.0,,,
Italy,2011,Historical,Vans,EV,84.0,-60.0,910.0,10.97560975609757,,
Italy,2012,Historical,Vans,EV,363.0,332.1428571428571,1300.0,42.85714285714286,,
Italy,2013,Historical,Vans,EV,181.0,-50.13774104683195,1400.0,7.692307692307687,,
Italy,2014,Historical,Vans,EV,270.0,49.17127071823204,1700.0,21.42857142857142,,
Italy,2015,Historical,Vans,EV,420.0,55.55555555555556,2100.0,23.529411764705888,,
Italy,2016,Historical,Vans,EV,780.0,85.71428571428572,2900.0,38.095238095238095,,
Italy,2017,Historical,Vans,EV,502.0,-35.641025641025635,3200.0,10.344827586206895,,
Italy,2018,Historical,Vans,EV,640.0,27.490039840637447,3900.0,21.875,,
Italy,2019,Historical,Vans,EV,1000.0,56.25,4943.0,26.743589743589745,,
Italy,2020,Historical,Vans,EV,1253.0,25.29999999999999,6398.0,29.435565446085366,,
Italy,2021,Historical,Vans,EV,3480.0,177.7334397446129,9890.0,54.579556111284774,,
Italy,2022,Historical,Vans,EV,4710.0,35.3448275862069,14100.0,42.56825075834176,,
Italy,2023,Historical,Vans,EV,8200.0,74.09766454352442,23100.0,63.829787234042556,,
Japan,2011,Historical,Buses,EV,2.0,,2.0,,,
Japan,2012,Historical,Buses,EV,4.0,100.0,6.0,200.0,,
Japan,2013,Historical,Buses,EV,7.0,75.0,13.0,116.66666666666666,,
Japan,2014,Historical,Buses,EV,6.0,-14.28571428571429,19.0,46.153846153846146,,
Japan,2015,Historical,Buses,EV,2.0,-66.66666666666667,21.0,10.526315789473696,,
Japan,2016,Historical,Buses,EV,8.0,300.0,29.0,38.095238095238095,,
Japan,2017,Historical,Buses,EV,10.0,25.0,29.0,0.0,,
Japan,2018,Historical,Buses,EV,10.0,0.0,39.0,34.48275862068966,,
Japan,2019,Historical,Buses,EV,8.0,-19.999999999999996,47.0,20.512820512820507,,
Japan,2020,Historical,Buses,EV,10.0,25.0,57.0,21.27659574468086,,
Japan,2021,Historical,Buses,EV,32.0,220.00000000000003,57.0,0.0,,
Japan,2022,Historical,Buses,EV,20.0,-37.5,77.0,35.08771929824561,,
Japan,2023,Historical,Buses,EV,69.0,245.00000000000003,170.0,120.7792207792208,,
Japan,2010,Historical,Cars,EV,2400.0,,3500.0,,,
Japan,2011,Historical,Cars,EV,13015.0,442.2916666666667,16015.0,357.57142857142856,,
Japan,2012,Historical,Cars,EV,24000.0,84.40261237034193,41000.0,156.00999063378086,,
Japan,2013,Historical,Cars,EV,29000.0,20.833333333333325,69000.0,68.29268292682926,,
Japan,2014,Historical,Cars,EV,32000.0,10.344827586206895,111000.0,60.86956521739131,,
Japan,2015,Historical,Cars,EV,24000.0,-25.0,134000.0,20.72072072072073,,
Japan,2016,Historical,Cars,EV,24400.0,1.6666666666666607,153000.0,14.179104477611947,,
Japan,2017,Historical,Cars,EV,54000.0,121.31147540983606,200000.0,30.718954248366014,,
Japan,2018,Historical,Cars,EV,50000.0,-7.4074074074074066,230000.0,14.999999999999991,,
Japan,2019,Historical,Cars,EV,39000.0,-21.999999999999996,260000.0,13.043478260869556,,
Japan,2020,Historical,Cars,EV,30000.0,-23.076923076923073,300000.0,15.384615384615374,,
Japan,2021,Historical,Cars,EV,45000.0,50.0,340000.0,13.33333333333333,,
Japan,2022,Historical,Cars,EV,97000.0,115.55555555555554,410000.0,20.58823529411764,,
Japan,2023,Historical,Cars,EV,140000.0,44.329896907216494,540000.0,31.70731707317074,,
Japan,2018,Historical,Trucks,EV,5.0,,5.0,,,
Japan,2019,Historical,Trucks,EV,50.0,900.0,55.0,1000.0,,
Japan,2020,Historical,Trucks,EV,35.0,-30.000000000000004,55.0,0.0,,
Japan,2021,Historical,Trucks,EV,3.0,-91.42857142857143,55.0,0.0,,
Japan,2022,Historical,Trucks,EV,10.0,233.33333333333334,55.0,0.0,,
Japan,2023,Historical,Trucks,EV,50.0,400.0,150.0,172.72727272727272,,
Japan,2011,Historical,Vans,EV,850.0,,850.0,,,
Japan,2012,Historical,Vans,EV,2500.0,194.11764705882354,3300.0,288.2352941176471,,
Japan,2013,Historical,Vans,EV,2100.0,-16.000000000000004,5400.0,63.63636363636365,,
Japan,2014,Historical,Vans,EV,1000.0,-52.38095238095239,6400.0,18.518518518518512,,
Japan,2015,Historical,Vans,EV,830.0,-17.000000000000004,7300.0,14.0625,,
Japan,2016,Historical,Vans,EV,320.0,-61.44578313253012,7600.0,4.109589041095885,,
Japan,2017,Historical,Vans,EV,320.0,0.0,7900.0,3.9473684210526327,,
Japan,2018,Historical,Vans,EV,280.0,-12.5,8200.0,3.797468354430378,,
Japan,2019,Historical,Vans,EV,520.0,85.71428571428572,8700.0,6.0975609756097615,,
Japan,2020,Historical,Vans,EV,1500.0,188.46153846153845,10000.0,14.942528735632177,,
Japan,2021,Historical,Vans,EV,920.0,-38.66666666666667,11000.0,10.000000000000009,,
Japan,2022,Historical,Vans,EV,1600.0,73.91304347826086,39000.0,254.54545454545453,,
Japan,2023,Historical,Vans,EV,2800.0,75.0,15000.0,-61.53846153846154,,
Korea,2010,Historical,Buses,EV,5.0,,5.0,,,
Korea,2011,Historical,Buses,EV,4.0,-19.999999999999996,9.0,80.0,,
Korea,2012,Historical,Buses,EV,2.0,-50.0,11.0,22.222222222222232,,
Korea,2013,Historical,Buses,EV,6.0,200.0,17.0,54.54545454545454,,
Korea,2014,Historical,Buses,EV,3.0,-50.0,20.0,17.647058823529417,,
Korea,2015,Historical,Buses,EV,2.0,-33.333333333333336,22.0,10.000000000000009,,
Korea,2016,Historical,Buses,EV,30.0,1400.0,52.0,136.36363636363637,,
Korea,2017,Historical,Buses,EV,0.0,-100.0,52.0,0.0,,
Korea,2018,Historical,Buses,EV,50.0,,100.0,92.3076923076923,,
Korea,2019,Historical,Buses,EV,110.0,120.00000000000001,220.0,120.00000000000001,,
Korea,2020,Historical,Buses,EV,700.0,536.3636363636364,1800.0,718.1818181818181,,
Korea,2021,Historical,Buses,EV,340.0,-51.42857142857142,3100.0,72.22222222222223,,
Korea,2022,Historical,Buses,EV,640.0,88.23529411764706,5200.0,67.74193548387098,,
Korea,2023,Historical,Buses,EV,2500.0,290.625,4400.0,-15.384615384615385,,
Korea,2010,Historical,Cars,EV,61.0,,61.0,,,
Korea,2011,Historical,Cars,EV,270.0,342.62295081967216,340.0,457.37704918032784,,
Korea,2012,Historical,Cars,EV,510.0,88.88888888888889,850.0,150.0,,
Korea,2013,Historical,Cars,EV,600.0,17.647058823529417,1400.0,64.70588235294117,,
Korea,2014,Historical,Cars,EV,1300.0,116.66666666666666,2700.0,92.85714285714286,,
Korea,2015,Historical,Cars,EV,3350.0,157.6923076923077,6050.0,124.07407407407409,,
Korea,2016,Historical,Cars,EV,5030.0,50.14925373134329,10580.0,74.87603305785125,,
Korea,2017,Historical,Cars,EV,14670.0,191.65009940357854,25300.0,139.1304347826087,,
Korea,2018,Historical,Cars,EV,59400.0,304.90797546012266,60600.0,139.52569169960475,,
Korea,2019,Historical,Cars,EV,35700.0,-39.8989898989899,100000.0,65.01650165016501,,
Korea,2020,Historical,Cars,EV,39700.0,11.204481792717091,144000.0,43.99999999999999,,
Korea,2021,Historical,Cars,EV,91000.0,129.21914357682618,234000.0,62.5,,
Korea,2022,Historical,Cars,EV,131000.0,43.956043956043956,357000.0,52.564102564102555,,
Korea,2023,Historical,Cars,EV,132000.0,0.7633587786259444,519000.0,45.3781512605042,,
Korea,2015,Historical,Vans,EV,18.0,,18.0,,,
Korea,2016,Historical,Vans,EV,14.0,-22.22222222222222,32.0,77.77777777777777,,
Korea,2017,Historical,Vans,EV,0.0,-100.0,32.0,0.0,,
Korea,2018,Historical,Vans,EV,300.0,,330.0,931.25,,
Korea,2019,Historical,Vans,EV,1500.0,400.0,1900.0,475.75757575757575,,
Korea,2020,Historical,Vans,EV,15000.0,900.0,16000.0,742.1052631578947,,
Korea,2021,Historical,Vans,EV,29000.0,93.33333333333333,45000.0,181.25,,
Korea,2022,Historical,Vans,EV,36000.0,24.13793103448276,81000.0,80.0,,
Korea,2023,Historical,Vans,EV,41000.0,13.888888888888884,120000.0,48.14814814814814,,
Latvia,2015,Historical,Cars,EV,26.0,,0.0,,,
Latvia,2016,Historical,Cars,EV,40.0,53.846153846153854,0.0,,,
Latvia,2017,Historical,Cars,EV,40.0,0.0,0.0,,,
Latvia,2018,Historical,Cars,EV,90.0,125.0,0.0,,,
Latvia,2019,Historical,Cars,EV,98.0,8.888888888888879,0.0,,,
Latvia,2020,Historical,Cars,EV,383.0,290.81632653061223,0.0,,,
Latvia,2021,Historical,Cars,EV,550.0,43.603133159268936,0.0,,,
Latvia,2022,Historical,Cars,EV,1400.0,154.54545454545453,0.0,,,
Latvia,2023,Historical,Cars,EV,2060.0,47.14285714285715,0.0,,,
Lithuania,2015,Historical,Cars,EV,37.0,,0.0,,,
Lithuania,2016,Historical,Cars,EV,64.0,72.97297297297298,0.0,,,
Lithuania,2017,Historical,Cars,EV,52.0,-18.75,0.0,,,
Lithuania,2018,Historical,Cars,EV,140.0,169.23076923076925,0.0,,,
Lithuania,2019,Historical,Cars,EV,160.0,14.28571428571428,0.0,,,
Lithuania,2020,Historical,Cars,EV,450.0,181.25,0.0,,,
Lithuania,2021,Historical,Cars,EV,1600.0,255.55555555555554,0.0,,,
Lithuania,2022,Historical,Cars,EV,2070.0,29.374999999999996,0.0,,,
Lithuania,2023,Historical,Cars,EV,2100.0,1.449275362318847,0.0,,,
Luxembourg,2019,Historical,Cars,EV,1900.0,,0.0,,,
Luxembourg,2020,Historical,Cars,EV,5200.0,173.6842105263158,0.0,,,
Luxembourg,2021,Historical,Cars,EV,9000.0,73.07692307692308,0.0,,,
Luxembourg,2022,Historical,Cars,EV,10200.0,13.33333333333333,0.0,,,
Luxembourg,2023,Historical,Cars,EV,15800.0,54.90196078431373,0.0,,,
Mexico,2011,Historical,Cars,EV,3.0,,3.0,,,
Mexico,2012,Historical,Cars,EV,88.0,2833.333333333333,91.0,2933.333333333333,,
Mexico,2013,Historical,Cars,EV,12.0,-86.36363636363636,100.0,9.8901098901099,,
Mexico,2014,Historical,Cars,EV,48.0,300.0,150.0,50.0,,
Mexico,2015,Historical,Cars,EV,99.0,106.25,247.0,64.66666666666667,,
Mexico,2016,Historical,Cars,EV,770.0,677.7777777777777,1030.0,317.00404858299595,,
Mexico,2017,Historical,Cars,EV,1200.0,55.84415584415585,2230.0,116.50485436893203,,
Mexico,2018,Historical,Cars,EV,1800.0,50.0,4030.0,80.71748878923768,,
Mexico,2019,Historical,Cars,EV,1690.0,-6.111111111111112,5600.0,38.95781637717122,,
Mexico,2020,Historical,Cars,EV,3800.0,124.85207100591715,9500.0,69.64285714285714,,
Mexico,2021,Historical,Cars,EV,6500.0,71.05263157894737,16000.0,68.42105263157893,,
Mexico,2022,Historical,Cars,EV,8400.0,29.230769230769237,24000.0,50.0,,
Mexico,2023,Historical,Cars,EV,15200.0,80.95238095238095,40000.0,66.66666666666667,,
Netherlands,2010,Historical,Buses,EV,0.0,,15.0,,,
Netherlands,2011,Historical,Buses,EV,0.0,,22.0,46.66666666666666,,
Netherlands,2012,Historical,Buses,EV,0.0,,23.0,4.545454545454541,,
Netherlands,2013,Historical,Buses,EV,5.0,,39.0,69.56521739130434,,
Netherlands,2014,Historical,Buses,EV,7.0,39.99999999999999,46.0,17.948717948717952,,
Netherlands,2015,Historical,Buses,EV,12.0,71.42857142857142,104.0,126.08695652173911,,
Netherlands,2016,Historical,Buses,EV,80.0,566.6666666666667,183.0,75.96153846153845,,
Netherlands,2017,Historical,Buses,EV,150.0,87.5,263.0,43.715846994535525,,
Netherlands,2018,Historical,Buses,EV,110.0,-26.66666666666667,373.0,41.825095057034225,,
Netherlands,2019,Historical,Buses,EV,380.0,245.45454545454547,840.0,125.201072386059,,
Netherlands,2020,Historical,Buses,EV,450.0,18.421052631578938,1299.0,54.642857142857146,,
Netherlands,2021,Historical,Buses,EV,150.0,-66.66666666666667,1399.0,7.6982294072363455,,
Netherlands,2022,Historical,Buses,EV,99.0,-34.0,1500.0,7.219442458899206,,
Netherlands,2023,Historical,Buses,EV,180.0,81.81818181818181,1697.0,13.13333333333333,,
Netherlands,2010,Historical,Cars,EV,120.0,,281.0,,,
Netherlands,2011,Historical,Cars,EV,877.0,630.8333333333334,1126.0,300.711743772242,,
Netherlands,2012,Historical,Cars,EV,5090.0,480.38768529076395,6300.0,459.50266429840144,,
Netherlands,2013,Historical,Cars,EV,22600.0,344.00785854616896,28200.0,347.61904761904765,,
Netherlands,2014,Historical,Cars,EV,14700.0,-34.95575221238938,43800.0,55.3191489361702,,
Netherlands,2015,Historical,Cars,EV,42400.0,188.43537414965988,88400.0,101.82648401826486,,
Netherlands,2016,Historical,Cars,EV,22000.0,-48.113207547169814,112000.0,26.696832579185514,,
Netherlands,2017,Historical,Cars,EV,11200.0,-49.09090909090909,118000.0,5.35714285714286,,
Netherlands,2018,Historical,Cars,EV,30100.0,168.75,139000.0,17.796610169491522,,
Netherlands,2019,Historical,Cars,EV,69700.0,131.56146179401995,202000.0,45.32374100719425,,
Netherlands,2020,Historical,Cars,EV,94000.0,34.86370157819225,268000.0,32.67326732673268,,
Netherlands,2021,Historical,Cars,EV,110000.0,17.021276595744684,380000.0,41.79104477611941,,
Netherlands,2022,Historical,Cars,EV,137000.0,24.545454545454536,520000.0,36.8421052631579,,
Netherlands,2023,Historical,Cars,EV,210000.0,53.28467153284671,700000.0,34.61538461538463,,
Netherlands,2010,Historical,Trucks,EV,0.0,,23.0,,,
Netherlands,2011,Historical,Trucks,EV,0.0,,29.0,26.086956521739136,,
Netherlands,2012,Historical,Trucks,EV,0.0,,57.0,96.55172413793103,,
Netherlands,2013,Historical,Trucks,EV,0.0,,70.0,22.807017543859654,,
Netherlands,2014,Historical,Trucks,EV,0.0,,76.0,8.571428571428562,,
Netherlands,2015,Historical,Trucks,EV,4.0,,113.0,48.684210526315795,,
Netherlands,2016,Historical,Trucks,EV,26.0,550.0,133.0,17.699115044247794,,
Netherlands,2017,Historical,Trucks,EV,20.0,-23.076923076923073,142.0,6.766917293233088,,
Netherlands,2018,Historical,Trucks,EV,31.0,55.00000000000001,166.0,16.901408450704224,,
Netherlands,2019,Historical,Trucks,EV,131.0,322.5806451612903,267.0,60.8433734939759,,
Netherlands,2020,Historical,Trucks,EV,53.0,-59.541984732824424,251.0,-5.992509363295884,,
Netherlands,2021,Historical,Trucks,EV,87.0,64.15094339622642,318.0,26.693227091633464,,
Netherlands,2022,Historical,Trucks,EV,137.0,57.47126436781609,426.0,33.96226415094339,,
Netherlands,2023,Historical,Trucks,EV,1226.0,794.8905109489051,1573.0,269.2488262910798,,
Netherlands,2010,Historical,Vans,EV,39.0,,86.0,,,
Netherlands,2011,Historical,Vans,EV,72.0,84.61538461538463,160.0,86.04651162790698,,
Netherlands,2012,Historical,Vans,EV,340.0,372.22222222222223,490.0,206.25,,
Netherlands,2013,Historical,Vans,EV,180.0,-47.05882352941176,670.0,36.73469387755102,,
Netherlands,2014,Historical,Vans,EV,590.0,227.77777777777777,1300.0,94.02985074626866,,
Netherlands,2015,Historical,Vans,EV,260.0,-55.93220338983051,1502.0,15.538461538461545,,
Netherlands,2016,Historical,Vans,EV,290.0,11.538461538461542,1602.0,6.657789613848197,,
Netherlands,2017,Historical,Vans,EV,650.0,124.13793103448273,2202.0,37.453183520599254,,
Netherlands,2018,Historical,Vans,EV,1000.0,53.846153846153854,3103.0,40.917347865576744,,
Netherlands,2019,Historical,Vans,EV,1400.0,39.99999999999999,4303.0,38.67225265871737,,
Netherlands,2020,Historical,Vans,EV,1733.0,23.785714285714278,5930.0,37.81082965372995,,
Netherlands,2021,Historical,Vans,EV,3346.0,93.07559145989612,9078.0,53.086003372681276,,
Netherlands,2022,Historical,Vans,EV,5035.0,50.47818290496116,14130.0,55.651024454725714,,
Netherlands,2023,Historical,Vans,EV,10090.0,100.39721946375373,23160.0,63.906581740976655,,
New Zealand,2010,Historical,Buses,EV,0.0,,62.0,,,
New Zealand,2011,Historical,Buses,EV,2.0,,64.0,3.2258064516129004,,
New Zealand,2012,Historical,Buses,EV,1.0,-50.0,65.0,1.5625,,
New Zealand,2013,Historical,Buses,EV,0.0,-100.0,65.0,0.0,,
New Zealand,2014,Historical,Buses,EV,0.0,,65.0,0.0,,
New Zealand,2015,Historical,Buses,EV,0.0,,65.0,0.0,,
New Zealand,2016,Historical,Buses,EV,0.0,,65.0,0.0,,
New Zealand,2017,Historical,Buses,EV,1.0,,66.0,1.538461538461533,,
New Zealand,2018,Historical,Buses,EV,11.0,1000.0,77.0,16.666666666666675,,
New Zealand,2019,Historical,Buses,EV,13.0,18.181818181818187,100.0,29.87012987012987,,
New Zealand,2020,Historical,Buses,EV,17.0,30.76923076923077,120.0,19.999999999999996,,
New Zealand,2021,Historical,Buses,EV,76.0,347.05882352941177,171.0,42.50000000000001,,
New Zealand,2022,Historical,Buses,EV,110.0,44.736842105263165,261.0,52.63157894736843,,
New Zealand,2023,Historical,Buses,EV,100.0,-9.090909090909093,351.0,34.48275862068966,,
New Zealand,2010,Historical,Cars,EV,10.0,,14.0,,,
New Zealand,2011,Historical,Cars,EV,15.0,50.0,29.0,107.14285714285717,,
New Zealand,2012,Historical,Cars,EV,27.0,80.0,56.0,93.10344827586208,,
New Zealand,2013,Historical,Cars,EV,36.0,33.33333333333333,92.0,64.28571428571428,,
New Zealand,2014,Historical,Cars,EV,320.0,788.8888888888889,410.0,345.65217391304344,,
New Zealand,2015,Historical,Cars,EV,500.0,56.25,910.0,121.95121951219514,,
New Zealand,2016,Historical,Cars,EV,1540.0,208.0,2360.0,159.34065934065936,,
New Zealand,2017,Historical,Cars,EV,3440.0,123.37662337662336,5900.0,150.0,,
New Zealand,2018,Historical,Cars,EV,5600.0,62.7906976744186,11400.0,93.22033898305084,,
New Zealand,2019,Historical,Cars,EV,6900.0,23.214285714285722,17400.0,52.63157894736843,,
New Zealand,2020,Historical,Cars,EV,5400.0,-21.739130434782606,22900.0,31.60919540229885,,
New Zealand,2021,Historical,Cars,EV,10300.0,90.74074074074075,35400.0,54.58515283842795,,
New Zealand,2022,Historical,Cars,EV,28200.0,173.7864077669903,65000.0,83.61581920903956,,
New Zealand,2023,Historical,Cars,EV,38000.0,34.75177304964539,100000.0,53.846153846153854,,
New Zealand,2019,Historical,Vans,EV,70.0,,780.0,,,
New Zealand,2020,Historical,Vans,EV,79.0,12.857142857142856,851.0,9.102564102564092,,
New Zealand,2021,Historical,Vans,EV,162.0,105.06329113924049,1005.0,18.096357226792016,,
New Zealand,2022,Historical,Vans,EV,470.0,190.12345679012347,1474.0,46.66666666666666,,
New Zealand,2023,Historical,Vans,EV,515.0,9.57446808510638,1888.0,28.08683853459972,,
Norway,2016,Historical,Buses,EV,13.0,,13.0,,,
Norway,2017,Historical,Buses,EV,18.0,38.46153846153846,31.0,138.46153846153845,,
Norway,2018,Historical,Buses,EV,12.0,-33.333333333333336,43.0,38.70967741935485,,
Norway,2019,Historical,Buses,EV,160.0,1233.3333333333335,200.0,365.1162790697675,,
Norway,2020,Historical,Buses,EV,293.0,83.125,483.0,141.5,,
Norway,2021,Historical,Buses,EV,104.0,-64.50511945392492,590.0,22.15320910973084,,
Norway,2022,Historical,Buses,EV,310.0,198.0769230769231,899.0,52.37288135593221,,
Norway,2023,Historical,Buses,EV,540.0,74.19354838709677,1268.0,41.04560622914348,,
Norway,2010,Historical,Cars,EV,360.0,,2702.0,,,
Norway,2011,Historical,Cars,EV,2000.0,455.55555555555554,3903.0,44.44855662472242,,
Norway,2012,Historical,Cars,EV,4220.0,110.99999999999999,8340.0,113.68178324365874,,
Norway,2013,Historical,Cars,EV,8240.0,95.260663507109,15660.0,87.76978417266189,,
Norway,2014,Historical,Cars,EV,21700.0,163.3495145631068,35300.0,125.41507024265645,,
Norway,2015,Historical,Cars,EV,33900.0,56.22119815668203,69000.0,95.46742209631729,,
Norway,2016,Historical,Cars,EV,45000.0,32.74336283185841,114000.0,65.21739130434783,,
Norway,2017,Historical,Cars,EV,62000.0,37.77777777777778,180000.0,57.89473684210527,,
Norway,2018,Historical,Cars,EV,73000.0,17.741935483870975,247000.0,37.22222222222222,,
Norway,2019,Historical,Cars,EV,79000.0,8.219178082191792,330000.0,33.60323886639676,,
Norway,2020,Historical,Cars,EV,106000.0,34.17721518987342,490000.0,48.484848484848484,,
Norway,2021,Historical,Cars,EV,148000.0,39.622641509433954,630000.0,28.57142857142858,,
Norway,2022,Historical,Cars,EV,156000.0,5.405405405405395,790000.0,25.396825396825395,,
Norway,2023,Historical,Cars,EV,110000.0,-29.487179487179482,900000.0,13.924050632911399,,
Norway,2017,Historical,Trucks,EV,2.0,,2.0,,,
Norway,2018,Historical,Trucks,EV,0.0,-100.0,2.0,0.0,,
Norway,2019,Historical,Trucks,EV,3.0,,2.0,0.0,,
Norway,2020,Historical,Trucks,EV,27.0,800.0,19.0,850.0,,
Norway,2021,Historical,Trucks,EV,110.0,307.40740740740745,98.0,415.7894736842105,,
Norway,2022,Historical,Trucks,EV,530.0,381.8181818181818,225.0,129.5918367346939,,
Norway,2023,Historical,Trucks,EV,700.0,32.0754716981132,1201.0,433.7777777777778,,
Norway,2010,Historical,Vans,EV,1.0,,0.0,,,
Norway,2011,Historical,Vans,EV,42.0,4100.0,1.0,,,
Norway,2012,Historical,Vans,EV,61.0,45.238095238095234,5.0,400.0,,
Norway,2013,Historical,Vans,EV,340.0,457.37704918032784,5.0,0.0,,
Norway,2014,Historical,Vans,EV,560.0,64.70588235294117,560.0,11100.0,,
Norway,2015,Historical,Vans,EV,710.0,26.785714285714278,1300.0,132.14285714285717,,
Norway,2016,Historical,Vans,EV,640.0,-9.859154929577462,2000.0,53.846153846153854,,
Norway,2017,Historical,Vans,EV,770.0,20.3125,2910.0,45.50000000000001,,
Norway,2018,Historical,Vans,EV,1800.0,133.76623376623377,4710.0,61.855670103092784,,
Norway,2019,Historical,Vans,EV,2000.0,11.111111111111116,6710.0,42.4628450106157,,
Norway,2020,Historical,Vans,EV,2611.0,30.55000000000001,9743.0,45.20119225037258,,
Norway,2021,Historical,Vans,EV,1658.0,-36.49942550746841,11310.0,16.083341886482593,,
Norway,2022,Historical,Vans,EV,7220.0,335.4644149577805,21500.0,90.0972590627763,,
Norway,2023,Historical,Vans,EV,8930.0,23.684210526315795,30660.0,42.60465116279071,,
Poland,2015,Historical,Buses,EV,0.0,,14.0,,,
Poland,2016,Historical,Buses,EV,0.0,,34.0,142.85714285714283,,
Poland,2017,Historical,Buses,EV,0.0,,35.0,2.941176470588225,,
Poland,2018,Historical,Buses,EV,101.0,,101.0,188.57142857142856,,
Poland,2019,Historical,Buses,EV,55.0,-45.54455445544554,268.0,165.34653465346537,,
Poland,2020,Historical,Buses,EV,200.0,263.6363636363636,468.0,74.62686567164178,,
Poland,2021,Historical,Buses,EV,221.0,10.499999999999998,638.0,36.32478632478633,,
Poland,2022,Historical,Buses,EV,181.0,-18.09954751131222,858.0,34.48275862068966,,
Poland,2023,Historical,Buses,EV,363.0,100.55248618784529,1244.0,44.988344988344984,,
Poland,2010,Historical,Cars,EV,16.0,,0.0,,,
Poland,2011,Historical,Cars,EV,43.0,168.75,0.0,,,
Poland,2012,Historical,Cars,EV,48.0,11.627906976744185,0.0,,,
Poland,2013,Historical,Cars,EV,37.0,-22.916666666666664,0.0,,,
Poland,2014,Historical,Cars,EV,201.0,443.2432432432432,0.0,,,
Poland,2015,Historical,Cars,EV,220.0,9.45273631840795,2500.0,,,
Poland,2016,Historical,Cars,EV,510.0,131.81818181818184,2600.0,4.0000000000000036,,
Poland,2017,Historical,Cars,EV,1080.0,111.76470588235294,3100.0,19.23076923076923,,
Poland,2018,Historical,Cars,EV,1380.0,27.777777777777768,3700.0,19.354838709677423,,
Poland,2019,Historical,Cars,EV,2700.0,95.65217391304348,8600.0,132.43243243243242,,
Poland,2020,Historical,Cars,EV,8200.0,203.70370370370372,17700.0,105.8139534883721,,
Poland,2021,Historical,Cars,EV,16300.0,98.78048780487805,37000.0,109.03954802259888,,
Poland,2022,Historical,Cars,EV,25000.0,53.37423312883436,61000.0,64.86486486486487,,
Poland,2023,Historical,Cars,EV,30000.0,19.999999999999996,99000.0,62.295081967213115,,
Poland,2010,Historical,Vans,EV,3.0,,0.0,,,
Poland,2011,Historical,Vans,EV,3.0,0.0,0.0,,,
Poland,2012,Historical,Vans,EV,16.0,433.3333333333333,0.0,,,
Poland,2013,Historical,Vans,EV,10.0,-37.5,0.0,,,
Poland,2014,Historical,Vans,EV,8.0,-19.999999999999996,0.0,,,
Poland,2015,Historical,Vans,EV,15.0,87.5,18.0,,,
Poland,2016,Historical,Vans,EV,16.0,6.666666666666665,27.0,50.0,,
Poland,2017,Historical,Vans,EV,28.0,75.0,34.0,25.92592592592593,,
Poland,2018,Historical,Vans,EV,42.0,50.0,120.0,252.94117647058823,,
Poland,2019,Historical,Vans,EV,130.0,209.52380952380955,493.0,310.8333333333333,,
Poland,2020,Historical,Vans,EV,222.0,70.76923076923076,818.0,65.92292089249491,,
Poland,2021,Historical,Vans,EV,841.0,278.8288288288288,1504.0,83.86308068459658,,
Poland,2022,Historical,Vans,EV,1101.0,30.915576694411406,3105.0,106.44946808510637,,
Poland,2023,Historical,Vans,EV,2400.0,117.98365122615806,5806.0,86.98872785829307,,
Portugal,2014,Historical,Buses,EV,2.0,,0.0,,,
Portugal,2017,Historical,Buses,EV,2.0,0.0,23.0,,,
Portugal,2018,Historical,Buses,EV,10.0,400.0,33.0,43.47826086956521,,
Portugal,2019,Historical,Buses,EV,27.0,170.00000000000003,60.0,81.81818181818181,,
Portugal,2020,Historical,Buses,EV,10.0,-62.96296296296296,70.0,16.666666666666675,,
Portugal,2021,Historical,Buses,EV,46.0,359.99999999999994,112.0,60.00000000000001,,
Portugal,2022,Historical,Buses,EV,76.0,65.21739130434783,262.0,133.92857142857144,,
Portugal,2023,Historical,Buses,EV,360.0,373.6842105263157,586.0,123.66412213740459,,
Portugal,2010,Historical,Cars,EV,13.0,,720.0,,,
Portugal,2011,Historical,Cars,EV,172.0,1223.076923076923,910.0,26.388888888888886,,
Portugal,2012,Historical,Cars,EV,84.0,-51.162790697674424,960.0,5.494505494505497,,
Portugal,2013,Historical,Cars,EV,185.0,120.23809523809526,1137.0,18.437499999999996,,
Portugal,2014,Historical,Cars,EV,288.0,55.675675675675684,1346.0,18.381706244503082,,
Portugal,2015,Historical,Cars,EV,1100.0,281.94444444444446,2530.0,87.96433878157504,,
Portugal,2016,Historical,Cars,EV,1800.0,63.63636363636365,4400.0,73.91304347826086,,
Portugal,2017,Historical,Cars,EV,4400.0,144.44444444444446,8800.0,100.0,,
Portugal,2018,Historical,Cars,EV,8200.0,86.36363636363636,16700.0,89.77272727272727,,
Portugal,2019,Historical,Cars,EV,12600.0,53.65853658536586,30000.0,79.64071856287424,,
Portugal,2020,Historical,Cars,EV,19800.0,57.14285714285714,49000.0,63.33333333333333,,
Portugal,2021,Historical,Cars,EV,29000.0,46.46464646464648,78000.0,59.183673469387756,,
Portugal,2022,Historical,Cars,EV,34000.0,17.24137931034482,111000.0,42.307692307692314,,
Portugal,2023,Historical,Cars,EV,63000.0,85.29411764705883,175000.0,57.657657657657666,,
Portugal,2013,Historical,Vans,EV,27.0,,0.0,,,
Portugal,2014,Historical,Vans,EV,26.0,-3.703703703703709,0.0,,,
Portugal,2017,Historical,Vans,EV,200.0,669.2307692307693,76.0,,,
Portugal,2018,Historical,Vans,EV,260.0,30.000000000000004,330.0,334.2105263157895,,
Portugal,2019,Historical,Vans,EV,230.0,-11.538461538461542,540.0,63.63636363636365,,
Portugal,2020,Historical,Vans,EV,270.0,17.391304347826097,1900.0,251.85185185185185,,
Portugal,2021,Historical,Vans,EV,367.0,35.92592592592592,2307.0,21.42105263157894,,
Portugal,2022,Historical,Vans,EV,1002.0,173.02452316076295,3309.0,43.433029908972685,,
Portugal,2023,Historical,Vans,EV,2500.0,149.50099800399204,4809.0,45.33091568449683,,
Rest of the world,2010,Historical,Buses,EV,0.0,,180.0,,,
Rest of the world,2011,Historical,Buses,EV,0.0,,120.0,-33.333333333333336,,
Rest of the world,2012,Historical,Buses,EV,0.0,,120.0,0.0,,
Rest of the world,2017,Historical,Buses,EV,45.0,,45.0,-62.5,,
Rest of the world,2018,Historical,Buses,EV,260.0,477.77777777777777,200.0,344.44444444444446,,
Rest of the world,2019,Historical,Buses,EV,340.0,30.76923076923077,399.0,99.50000000000001,,
Rest of the world,2020,Historical,Buses,EV,1204.0,254.1176470588235,692.0,73.43358395989974,,
Rest of the world,2021,Historical,Buses,EV,921.0,-23.504983388704314,1043.0,50.72254335260116,,
Rest of the world,2022,Historical,Buses,EV,2305.0,150.27144408251897,3147.0,201.72579098753593,,
Rest of the world,2023,Historical,Buses,EV,1000.0,-56.61605206073752,3646.0,15.856371147124237,,
Rest of the world,2011,Historical,Cars,EV,42.0,,240.0,,,
Rest of the world,2012,Historical,Cars,EV,448.0,966.6666666666666,598.0,149.16666666666666,,
Rest of the world,2013,Historical,Cars,EV,211.0,-52.90178571428572,798.0,33.44481605351171,,
Rest of the world,2014,Historical,Cars,EV,550.0,160.66350710900474,1370.0,71.67919799498748,,
Rest of the world,2015,Historical,Cars,EV,4300.0,681.8181818181819,6300.0,359.8540145985401,,
Rest of the world,2016,Historical,Cars,EV,1580.0,-63.25581395348837,7700.0,22.222222222222232,,
Rest of the world,2017,Historical,Cars,EV,2470.0,56.329113924050624,9900.0,28.57142857142858,,
Rest of the world,2018,Historical,Cars,EV,4000.0,61.943319838056674,13700.0,38.38383838383839,,
Rest of the world,2019,Historical,Cars,EV,8000.0,100.0,21600.0,57.664233576642346,,
Rest of the world,2020,Historical,Cars,EV,15200.0,89.99999999999999,36000.0,66.66666666666667,,
Rest of the world,2021,Historical,Cars,EV,26900.0,76.9736842105263,62000.0,72.22222222222223,,
Rest of the world,2022,Historical,Cars,EV,55900.0,107.80669144981414,117000.0,88.70967741935485,,
Rest of the world,2023,Historical,Cars,EV,126000.0,125.40250447227193,239000.0,104.27350427350426,,
Rest of the world,2018,Historical,Trucks,EV,27.0,,27.0,,,
Rest of the world,2019,Historical,Trucks,EV,0.0,-100.0,26.0,-3.703703703703709,,
Rest of the world,2020,Historical,Trucks,EV,33.0,,59.0,126.92307692307692,,
Rest of the world,2021,Historical,Trucks,EV,32.0,-3.0303030303030276,90.0,52.542372881355924,,
Rest of the world,2022,Historical,Trucks,EV,18.0,-43.75,110.0,22.222222222222232,,
Rest of the world,2023,Historical,Trucks,EV,110.0,511.1111111111111,210.0,90.90909090909092,,
Rest of the world,2015,Historical,Vans,EV,21.0,,21.0,,,
Rest of the world,2016,Historical,Vans,EV,18.0,-14.28571428571429,39.0,85.71428571428572,,
Rest of the world,2017,Historical,Vans,EV,33.0,83.33333333333333,71.0,82.05128205128204,,
Rest of the world,2018,Historical,Vans,EV,60.0,81.81818181818181,130.0,83.09859154929578,,
Rest of the world,2019,Historical,Vans,EV,180.0,200.0,310.0,138.46153846153845,,
Rest of the world,2020,Historical,Vans,EV,190.0,5.555555555555558,490.0,58.06451612903225,,
Rest of the world,2021,Historical,Vans,EV,530.0,178.9473684210526,1000.0,104.08163265306123,,
Rest of the world,2022,Historical,Vans,EV,770.0,45.28301886792452,1800.0,80.0,,
Rest of the world,2023,Historical,Vans,EV,1100.0,42.85714285714286,2900.0,61.111111111111114,,
Romania,2015,Historical,Cars,EV,24.0,,0.0,,,
Romania,2016,Historical,Cars,EV,74.0,208.33333333333334,0.0,,,
Romania,2017,Historical,Cars,EV,190.0,156.75675675675674,0.0,,,
Romania,2018,Historical,Cars,EV,600.0,215.78947368421052,0.0,,,
Romania,2019,Historical,Cars,EV,1500.0,150.0,0.0,,,
Romania,2020,Historical,Cars,EV,3800.0,153.33333333333331,0.0,,,
Romania,2021,Historical,Cars,EV,6300.0,65.78947368421053,0.0,,,
Romania,2022,Historical,Cars,EV,12000.0,90.47619047619047,0.0,,,
Romania,2023,Historical,Cars,EV,15000.0,25.0,0.0,,,
Seychelles,2015,Historical,Cars,EV,3.0,,0.0,,,
Seychelles,2016,Historical,Cars,EV,12.0,300.0,0.0,,,
Seychelles,2017,Historical,Cars,EV,30.0,150.0,0.0,,,
Seychelles,2018,Historical,Cars,EV,32.0,6.666666666666665,0.0,,,
Seychelles,2019,Historical,Cars,EV,37.0,15.625,0.0,,,
Seychelles,2020,Historical,Cars,EV,26.0,-29.729729729729726,0.0,,,
Seychelles,2021,Historical,Cars,EV,61.0,134.6153846153846,0.0,,,
Seychelles,2022,Historical,Cars,EV,37.0,-39.34426229508197,0.0,,,
Seychelles,2023,Historical,Cars,EV,100.0,170.27027027027026,0.0,,,
Slovakia,2015,Historical,Cars,EV,52.0,,0.0,,,
Slovakia,2016,Historical,Cars,EV,59.0,13.461538461538458,0.0,,,
Slovakia,2017,Historical,Cars,EV,210.0,255.9322033898305,0.0,,,
Slovakia,2018,Historical,Cars,EV,290.0,38.095238095238095,0.0,,,
Slovakia,2019,Historical,Cars,EV,360.0,24.13793103448276,0.0,,,
Slovakia,2020,Historical,Cars,EV,1780.0,394.44444444444446,0.0,,,
Slovakia,2021,Historical,Cars,EV,2300.0,29.21348314606742,0.0,,,
Slovakia,2022,Historical,Cars,EV,3000.0,30.434782608695656,0.0,,,
Slovakia,2023,Historical,Cars,EV,5300.0,76.66666666666666,0.0,,,
Slovenia,2016,Historical,Cars,EV,186.0,,0.0,,,
Slovenia,2017,Historical,Cars,EV,460.0,147.31182795698925,0.0,,,
Slovenia,2018,Historical,Cars,EV,660.0,43.47826086956521,0.0,,,
Slovenia,2019,Historical,Cars,EV,218.0,-66.96969696969697,0.0,,,
Slovenia,2020,Historical,Cars,EV,1639.0,651.8348623853211,0.0,,,
Slovenia,2021,Historical,Cars,EV,2010.0,22.63575350823672,0.0,,,
Slovenia,2022,Historical,Cars,EV,2890.0,43.78109452736319,0.0,,,
Slovenia,2023,Historical,Cars,EV,5300.0,83.3910034602076,0.0,,,
South Africa,2013,Historical,Cars,EV,34.0,,34.0,,,
South Africa,2014,Historical,Cars,EV,15.0,-55.88235294117647,49.0,44.11764705882353,,
South Africa,2015,Historical,Cars,EV,240.0,1500.0,280.0,471.42857142857144,,
South Africa,2016,Historical,Cars,EV,380.0,58.33333333333333,660.0,135.71428571428572,,
South Africa,2017,Historical,Cars,EV,198.0,-47.89473684210527,860.0,30.303030303030297,,
South Africa,2018,Historical,Cars,EV,148.0,-25.25252525252525,1010.0,17.44186046511629,,
South Africa,2019,Historical,Cars,EV,232.0,56.75675675675676,1240.0,22.77227722772277,,
South Africa,2020,Historical,Cars,EV,242.0,4.31034482758621,1470.0,18.5483870967742,,
South Africa,2021,Historical,Cars,EV,271.0,11.983471074380159,1740.0,18.36734693877551,,
South Africa,2022,Historical,Cars,EV,620.0,128.78228782287823,2220.0,27.586206896551737,,
South Africa,2023,Historical,Cars,EV,1080.0,74.19354838709677,3500.0,57.657657657657666,,
Spain,2014,Historical,Buses,EV,11.0,,0.0,,,
Spain,2015,Historical,Buses,EV,2.0,-81.81818181818181,0.0,,,
Spain,2016,Historical,Buses,EV,27.0,1250.0,0.0,,,
Spain,2017,Historical,Buses,EV,13.0,-51.85185185185186,142.0,,,
Spain,2018,Historical,Buses,EV,38.0,192.3076923076923,180.0,26.7605633802817,,
Spain,2019,Historical,Buses,EV,106.0,178.9473684210526,296.0,64.44444444444444,,
Spain,2020,Historical,Buses,EV,58.0,-45.28301886792453,303.0,2.3648648648648685,,
Spain,2021,Historical,Buses,EV,166.0,186.20689655172416,450.0,48.51485148514851,,
Spain,2022,Historical,Buses,EV,251.0,51.20481927710843,710.0,57.77777777777777,,
Spain,2023,Historical,Buses,EV,549.0,118.72509960159361,1272.0,79.1549295774648,,
Spain,2010,Historical,Cars,EV,76.0,,76.0,,,
Spain,2011,Historical,Cars,EV,398.0,423.6842105263157,468.0,515.7894736842105,,
Spain,2012,Historical,Cars,EV,540.0,35.67839195979901,1010.0,115.8119658119658,,
Spain,2013,Historical,Cars,EV,882.0,63.33333333333333,1890.0,87.12871287128714,,
Spain,2014,Historical,Cars,EV,1730.0,96.1451247165533,3620.0,91.53439153439153,,
Spain,2015,Historical,Cars,EV,2080.0,20.231213872832377,5700.0,57.45856353591161,,
Spain,2016,Historical,Cars,EV,3500.0,68.26923076923077,9300.0,63.1578947368421,,
Spain,2017,Historical,Cars,EV,7400.0,111.42857142857143,16300.0,75.26881720430107,,
Spain,2018,Historical,Cars,EV,11600.0,56.75675675675676,28000.0,71.77914110429448,,
Spain,2019,Historical,Cars,EV,17400.0,50.0,45000.0,60.71428571428572,,
Spain,2020,Historical,Cars,EV,42000.0,141.3793103448276,88000.0,95.55555555555554,,
Spain,2021,Historical,Cars,EV,67000.0,59.52380952380953,155000.0,76.13636363636364,,
Spain,2022,Historical,Cars,EV,82000.0,22.388059701492537,226000.0,45.80645161290322,,
Spain,2023,Historical,Cars,EV,122000.0,48.78048780487805,360000.0,59.29203539823009,,
Spain,2016,Historical,Trucks,EV,13.0,,0.0,,,
Spain,2017,Historical,Trucks,EV,2.0,-84.61538461538461,0.0,,,
Spain,2019,Historical,Trucks,EV,7.0,250.0,5.0,,,
Spain,2020,Historical,Trucks,EV,8.0,14.28571428571428,13.0,160.0,,
Spain,2021,Historical,Trucks,EV,23.0,187.5,29.0,123.07692307692308,,
Spain,2022,Historical,Trucks,EV,210.0,813.0434782608695,200.0,589.655172413793,,
Spain,2023,Historical,Trucks,EV,440.0,109.52380952380953,700.0,250.0,,
Spain,2011,Historical,Vans,EV,24.0,,0.0,,,
Spain,2012,Historical,Vans,EV,200.0,733.3333333333334,0.0,,,
Spain,2013,Historical,Vans,EV,72.0,-64.0,0.0,,,
Spain,2014,Historical,Vans,EV,360.0,400.0,0.0,,,
Spain,2015,Historical,Vans,EV,540.0,50.0,1100.0,,,
Spain,2016,Historical,Vans,EV,720.0,33.33333333333333,2100.0,90.90909090909092,,
Spain,2017,Historical,Vans,EV,840.0,16.666666666666675,3000.0,42.85714285714286,,
Spain,2018,Historical,Vans,EV,1800.0,114.28571428571428,4800.0,60.00000000000001,,
Spain,2019,Historical,Vans,EV,1900.0,5.555555555555558,6308.0,31.41666666666667,,
Spain,2020,Historical,Vans,EV,2000.0,5.263157894736836,7908.0,25.36461636017755,,
Spain,2021,Historical,Vans,EV,2346.0,17.300000000000004,10046.0,27.035912999494194,,
Spain,2022,Historical,Vans,EV,3594.0,53.196930946291566,14200.0,41.34979096157674,,
Spain,2023,Historical,Vans,EV,10005.0,178.3806343906511,24210.0,70.49295774647888,,
Sweden,2012,Historical,Buses,EV,0.0,,6.0,,,
Sweden,2013,Historical,Buses,EV,0.0,,8.0,33.33333333333333,,
Sweden,2014,Historical,Buses,EV,0.0,,11.0,37.5,,
Sweden,2015,Historical,Buses,EV,14.0,,25.0,127.2727272727273,,
Sweden,2016,Historical,Buses,EV,50.0,257.14285714285717,64.0,156.0,,
Sweden,2017,Historical,Buses,EV,12.0,-76.0,86.0,34.375,,
Sweden,2018,Historical,Buses,EV,36.0,200.0,183.0,112.79069767441858,,
Sweden,2019,Historical,Buses,EV,98.0,172.22222222222223,283.0,54.64480874316939,,
Sweden,2020,Historical,Buses,EV,160.0,63.26530612244898,443.0,56.53710247349824,,
Sweden,2021,Historical,Buses,EV,180.0,12.5,623.0,40.63205417607223,,
Sweden,2022,Historical,Buses,EV,210.0,16.666666666666675,1013.0,62.60032102728732,,
Sweden,2023,Historical,Buses,EV,310.0,47.61904761904763,1222.0,20.631786771964467,,
Sweden,2010,Historical,Cars,EV,4.0,,4.0,,,
Sweden,2011,Historical,Cars,EV,180.0,4400.0,180.0,4400.0,,
Sweden,2012,Historical,Cars,EV,930.0,416.6666666666667,1250.0,594.4444444444445,,
Sweden,2013,Historical,Cars,EV,1530.0,64.51612903225808,2600.0,108.0,,
Sweden,2014,Historical,Cars,EV,4600.0,200.65359477124184,7100.0,173.0769230769231,,
Sweden,2015,Historical,Cars,EV,8700.0,89.13043478260869,14600.0,105.63380281690141,,
Sweden,2016,Historical,Cars,EV,12900.0,48.27586206896552,26500.0,81.50684931506848,,
Sweden,2017,Historical,Cars,EV,20400.0,58.13953488372092,43000.0,62.26415094339623,,
Sweden,2018,Historical,Cars,EV,29100.0,42.64705882352941,66000.0,53.48837209302326,,
Sweden,2019,Historical,Cars,EV,41000.0,40.89347079037802,97000.0,46.96969696969697,,
Sweden,2020,Historical,Cars,EV,94000.0,129.2682926829268,176000.0,81.44329896907216,,
Sweden,2021,Historical,Cars,EV,135000.0,43.61702127659575,300000.0,70.45454545454545,,
Sweden,2022,Historical,Cars,EV,163000.0,20.740740740740748,440000.0,46.66666666666666,,
Sweden,2023,Historical,Cars,EV,171000.0,4.907975460122693,560000.0,27.27272727272727,,
Sweden,2017,Historical,Trucks,EV,0.0,,1.0,,,
Sweden,2018,Historical,Trucks,EV,4.0,,4.0,300.0,,
Sweden,2019,Historical,Trucks,EV,4.0,0.0,11.0,175.0,,
Sweden,2020,Historical,Trucks,EV,24.0,500.0,58.0,427.27272727272725,,
Sweden,2021,Historical,Trucks,EV,100.0,316.6666666666667,140.0,141.3793103448276,,
Sweden,2022,Historical,Trucks,EV,347.0,247.00000000000003,298.0,112.85714285714286,,
Sweden,2023,Historical,Trucks,EV,290.0,-16.42651296829971,707.0,137.24832214765098,,
Sweden,2011,Historical,Vans,EV,9.0,,9.0,,,
Sweden,2012,Historical,Vans,EV,280.0,3011.111111111111,370.0,4011.1111111111113,,
Sweden,2013,Historical,Vans,EV,210.0,-25.0,550.0,48.64864864864864,,
Sweden,2014,Historical,Vans,EV,280.0,33.33333333333333,830.0,50.90909090909091,,
Sweden,2015,Historical,Vans,EV,327.0,16.785714285714292,1207.0,45.421686746987945,,
Sweden,2016,Historical,Vans,EV,45.0,-86.23853211009174,1607.0,33.14001657000829,,
Sweden,2017,Historical,Vans,EV,200.0,344.44444444444446,1907.0,18.668326073428744,,
Sweden,2018,Historical,Vans,EV,769.0,284.5,2716.0,42.42265338227582,,
Sweden,2019,Historical,Vans,EV,1400.0,82.05461638491546,3904.0,43.74079528718704,,
Sweden,2020,Historical,Vans,EV,2100.0,50.0,6780.0,73.66803278688525,,
Sweden,2021,Historical,Vans,EV,2600.0,23.809523809523814,8560.0,26.253687315634224,,
Sweden,2022,Historical,Vans,EV,5000.0,92.3076923076923,13420.0,56.77570093457944,,
Sweden,2023,Historical,Vans,EV,8705.0,74.10000000000001,21430.0,59.687034277198215,,
Switzerland,2015,Historical,Buses,EV,0.0,,11.0,,,
Switzerland,2016,Historical,Buses,EV,5.0,,19.0,72.72727272727273,,
Switzerland,2017,Historical,Buses,EV,2.0,-60.0,42.0,121.05263157894738,,
Switzerland,2018,Historical,Buses,EV,18.0,800.0,52.0,23.809523809523814,,
Switzerland,2019,Historical,Buses,EV,10.0,-44.44444444444444,61.0,17.307692307692314,,
Switzerland,2020,Historical,Buses,EV,22.0,120.00000000000001,83.0,36.065573770491795,,
Switzerland,2021,Historical,Buses,EV,55.0,150.0,126.0,51.80722891566265,,
Switzerland,2022,Historical,Buses,EV,111.0,101.81818181818181,185.0,46.825396825396815,,
Switzerland,2023,Historical,Buses,EV,770.0,593.6936936936937,255.0,37.83783783783783,,
Switzerland,2011,Historical,Cars,EV,441.0,,441.0,,,
Switzerland,2012,Historical,Cars,EV,740.0,67.80045351473922,1180.0,167.57369614512473,,
Switzerland,2013,Historical,Cars,EV,1370.0,85.13513513513513,2500.0,111.86440677966102,,
Switzerland,2014,Historical,Cars,EV,2900.0,111.6788321167883,5410.0,116.40000000000002,,
Switzerland,2015,Historical,Cars,EV,5700.0,96.55172413793103,11000.0,103.32717190388169,,
Switzerland,2016,Historical,Cars,EV,6100.0,7.017543859649122,16000.0,45.45454545454546,,
Switzerland,2017,Historical,Cars,EV,8400.0,37.704918032786885,25000.0,56.25,,
Switzerland,2018,Historical,Cars,EV,9500.0,13.095238095238093,35000.0,39.99999999999999,,
Switzerland,2019,Historical,Cars,EV,17300.0,82.10526315789475,50000.0,42.85714285714286,,
Switzerland,2020,Historical,Cars,EV,34000.0,96.53179190751445,84000.0,68.0,,
Switzerland,2021,Historical,Cars,EV,54000.0,58.823529411764696,139000.0,65.47619047619047,,
Switzerland,2022,Historical,Cars,EV,59000.0,9.259259259259256,201000.0,44.604316546762576,,
Switzerland,2023,Historical,Cars,EV,76000.0,28.81355932203389,276000.0,37.31343283582089,,
Switzerland,2019,Historical,Trucks,EV,36.0,,0.0,,,
Switzerland,2020,Historical,Trucks,EV,38.0,5.555555555555558,0.0,,,
Switzerland,2021,Historical,Trucks,EV,50.0,31.578947368421062,0.0,,,
Switzerland,2022,Historical,Trucks,EV,180.0,260.0,360.0,,,
Switzerland,2023,Historical,Trucks,EV,380.0,111.11111111111111,680.0,88.88888888888889,,
Switzerland,2012,Historical,Vans,EV,120.0,,120.0,,,
Switzerland,2013,Historical,Vans,EV,110.0,-8.333333333333337,230.0,91.66666666666667,,
Switzerland,2014,Historical,Vans,EV,52.0,-52.727272727272734,290.0,26.086956521739136,,
Switzerland,2015,Historical,Vans,EV,160.0,207.6923076923077,440.0,51.72413793103448,,
Switzerland,2016,Historical,Vans,EV,85.0,-46.875,540.0,22.72727272727273,,
Switzerland,2017,Historical,Vans,EV,220.0,158.82352941176472,620.0,14.814814814814813,,
Switzerland,2018,Historical,Vans,EV,300.0,36.36363636363635,1000.0,61.29032258064515,,
Switzerland,2019,Historical,Vans,EV,580.0,93.33333333333333,1600.0,60.00000000000001,,
Switzerland,2020,Historical,Vans,EV,789.0,36.03448275862069,2409.0,50.5625,,
Switzerland,2021,Historical,Vans,EV,1470.0,86.31178707224333,3880.0,61.062681610626825,,
Switzerland,2022,Historical,Vans,EV,2404.0,63.53741496598639,6690.0,72.42268041237114,,
Switzerland,2023,Historical,Vans,EV,3900.0,62.2296173044925,10190.0,52.31689088191332,,
Turkiye,2012,Historical,Cars,EV,92.0,,0.0,,,
Turkiye,2013,Historical,Cars,EV,1.0,-98.91304347826086,230.0,,,
Turkiye,2014,Historical,Cars,EV,68.0,6700.0,260.0,13.043478260869556,,
Turkiye,2015,Historical,Cars,EV,230.0,238.23529411764704,370.0,42.307692307692314,,
Turkiye,2016,Historical,Cars,EV,127.0,-44.78260869565217,630.0,70.27027027027026,,
Turkiye,2017,Historical,Cars,EV,111.0,-12.598425196850393,740.0,17.460317460317466,,
Turkiye,2018,Historical,Cars,EV,235.0,111.71171171171173,930.0,25.67567567567568,,
Turkiye,2019,Historical,Cars,EV,324.0,37.87234042553192,1840.0,97.84946236559139,,
Turkiye,2020,Historical,Cars,EV,1290.0,298.14814814814815,3900.0,111.95652173913042,,
Turkiye,2021,Historical,Cars,EV,3920.0,203.87596899224806,8600.0,120.51282051282053,,
Turkiye,2022,Historical,Cars,EV,7540.0,92.34693877551021,16300.0,89.53488372093024,,
Turkiye,2023,Historical,Cars,EV,68700.0,811.1405835543767,81900.0,402.4539877300613,,
USA,2011,Historical,Buses,EV,190.0,,190.0,,,
USA,2012,Historical,Buses,EV,6.5,-96.57894736842105,200.0,5.263157894736836,,
USA,2013,Historical,Buses,EV,8.69999980926514,33.84615091177139,210.0,5.000000000000004,,
USA,2014,Historical,Buses,EV,26.0,198.85058126450846,230.0,9.523809523809534,,
USA,2015,Historical,Buses,EV,631.0,2326.923076923077,860.0,273.9130434782609,,
USA,2016,Historical,Buses,EV,500.0,-20.760697305863708,1370.0,59.302325581395344,,
USA,2017,Historical,Buses,EV,190.0,-62.0,1550.0,13.138686131386867,,
USA,2018,Historical,Buses,EV,620.0,226.3157894736842,2150.0,38.70967741935485,,
USA,2019,Historical,Buses,EV,560.0,-9.677419354838712,2750.0,27.906976744186053,,
USA,2020,Historical,Buses,EV,520.0,-7.14285714285714,3250.0,18.181818181818187,,
USA,2021,Historical,Buses,EV,1100.0,111.53846153846155,4350.0,33.84615384615384,,
USA,2022,Historical,Buses,EV,2400.0,118.18181818181816,6650.0,52.87356321839081,,
USA,2023,Historical,Buses,EV,750.0,-68.75,7450.0,12.030075187969924,,
USA,2010,Historical,Cars,EV,1200.0,,3800.0,,,
USA,2011,Historical,Cars,EV,17800.0,1383.3333333333335,22000.0,478.94736842105266,,
USA,2012,Historical,Cars,EV,54000.0,203.3707865168539,75000.0,240.9090909090909,,
USA,2013,Historical,Cars,EV,97000.0,79.62962962962963,172000.0,129.33333333333334,,
USA,2014,Historical,Cars,EV,118000.0,21.649484536082465,290000.0,68.6046511627907,,
USA,2015,Historical,Cars,EV,114000.0,-3.3898305084745783,400000.0,37.93103448275863,,
USA,2016,Historical,Cars,EV,160000.0,40.35087719298245,570000.0,42.50000000000001,,
USA,2017,Historical,Cars,EV,194000.0,21.249999999999993,760000.0,33.33333333333333,,
USA,2018,Historical,Cars,EV,360000.0,85.56701030927836,1120000.0,47.36842105263157,,
USA,2019,Historical,Cars,EV,325000.0,-9.722222222222221,1450000.0,29.464285714285722,,
USA,2020,Historical,Cars,EV,294000.0,-9.53846153846154,1740000.0,19.999999999999996,,
USA,2021,Historical,Cars,EV,630000.0,114.28571428571428,2220000.0,27.586206896551737,,
USA,2022,Historical,Cars,EV,990000.0,57.14285714285714,3010000.0,35.58558558558558,,
USA,2023,Historical,Cars,EV,1390000.0,40.4040404040404,4800000.0,59.46843853820598,,
United Arab Emirates,2018,Historical,Cars,EV,119.0,,0.0,,,
United Arab Emirates,2019,Historical,Cars,EV,94.0,-21.00840336134454,0.0,,,
United Arab Emirates,2020,Historical,Cars,EV,691.0,635.1063829787234,0.0,,,
United Arab Emirates,2021,Historical,Cars,EV,4100.0,493.34298118668596,0.0,,,
United Arab Emirates,2022,Historical,Cars,EV,18900.0,360.9756097560975,0.0,,,
United Arab Emirates,2023,Historical,Cars,EV,28900.0,52.910052910052904,0.0,,,
United Kingdom,2010,Historical,Buses,EV,4.0,,80.0,,,
United Kingdom,2011,Historical,Buses,EV,2.0,-50.0,88.0,10.000000000000009,,
United Kingdom,2012,Historical,Buses,EV,14.0,600.0,100.0,13.636363636363647,,
United Kingdom,2013,Historical,Buses,EV,23.0,64.28571428571428,120.0,19.999999999999996,,
United Kingdom,2014,Historical,Buses,EV,47.0,104.34782608695654,170.0,41.66666666666667,,
United Kingdom,2015,Historical,Buses,EV,24.0,-48.93617021276596,200.0,17.647058823529417,,
United Kingdom,2016,Historical,Buses,EV,199.0,729.1666666666666,400.0,100.0,,
United Kingdom,2017,Historical,Buses,EV,57.0,-71.35678391959799,450.0,12.5,,
United Kingdom,2018,Historical,Buses,EV,154.0,170.17543859649123,620.0,37.77777777777778,,
United Kingdom,2019,Historical,Buses,EV,120.0,-22.077922077922075,730.0,17.741935483870975,,
United Kingdom,2020,Historical,Buses,EV,300.0,150.0,1040.0,42.46575342465753,,
United Kingdom,2021,Historical,Buses,EV,540.0,80.0,1620.0,55.769230769230774,,
United Kingdom,2022,Historical,Buses,EV,440.0,-18.518518518518523,2020.0,24.691358024691358,,
United Kingdom,2023,Historical,Buses,EV,1300.0,195.45454545454547,3220.0,59.405940594059416,,
United Kingdom,2010,Historical,Cars,EV,261.0,,1521.0,,,
United Kingdom,2011,Historical,Cars,EV,1207.0,362.4521072796935,2628.0,72.78106508875739,,
United Kingdom,2012,Historical,Cars,EV,2570.0,112.92460646230325,5090.0,93.68340943683408,,
United Kingdom,2013,Historical,Cars,EV,3700.0,43.96887159533074,8200.0,61.100196463654235,,
United Kingdom,2014,Historical,Cars,EV,14500.0,291.8918918918919,21700.0,164.63414634146343,,
United Kingdom,2015,Historical,Cars,EV,29000.0,100.0,48000.0,121.19815668202767,,
United Kingdom,2016,Historical,Cars,EV,39000.0,34.48275862068966,85000.0,77.08333333333333,,
United Kingdom,2017,Historical,Cars,EV,49000.0,25.64102564102564,129000.0,51.764705882352935,,
United Kingdom,2018,Historical,Cars,EV,62000.0,26.530612244897966,186000.0,44.18604651162789,,
United Kingdom,2019,Historical,Cars,EV,75000.0,20.967741935483875,251000.0,34.94623655913978,,
United Kingdom,2020,Historical,Cars,EV,178000.0,137.33333333333334,410000.0,63.346613545816744,,
United Kingdom,2021,Historical,Cars,EV,310000.0,74.15730337078652,710000.0,73.17073170731707,,
United Kingdom,2022,Historical,Cars,EV,370000.0,19.354838709677423,950000.0,33.80281690140845,,
United Kingdom,2023,Historical,Cars,EV,450000.0,21.62162162162162,1580000.0,66.31578947368422,,
United Kingdom,2010,Historical,Trucks,EV,9.0,,940.0,,,
United Kingdom,2011,Historical,Trucks,EV,5.0,-44.44444444444444,860.0,-8.510638297872342,,
United Kingdom,2012,Historical,Trucks,EV,6.0,19.999999999999996,700.0,-18.6046511627907,,
United Kingdom,2013,Historical,Trucks,EV,0.0,-100.0,570.0,-18.571428571428573,,
United Kingdom,2014,Historical,Trucks,EV,8.0,,500.0,-12.28070175438597,,
United Kingdom,2015,Historical,Trucks,EV,3.0,-62.5,410.0,-18.000000000000004,,
United Kingdom,2016,Historical,Trucks,EV,8.0,166.66666666666666,400.0,-2.4390243902439046,,
United Kingdom,2017,Historical,Trucks,EV,4.0,-50.0,350.0,-12.5,,
United Kingdom,2018,Historical,Trucks,EV,12.0,200.0,320.0,-8.571428571428575,,
United Kingdom,2019,Historical,Trucks,EV,20.0,66.66666666666667,340.0,6.25,,
United Kingdom,2020,Historical,Trucks,EV,16.0,-19.999999999999996,320.0,-5.882352941176472,,
United Kingdom,2021,Historical,Trucks,EV,140.0,775.0,450.0,40.625,,
United Kingdom,2022,Historical,Trucks,EV,510.0,264.2857142857143,950.0,111.11111111111111,,
United Kingdom,2023,Historical,Trucks,EV,1400.0,174.50980392156862,2300.0,142.10526315789474,,
United Kingdom,2010,Historical,Vans,EV,230.0,,3700.0,,,
United Kingdom,2011,Historical,Vans,EV,220.0,-4.347826086956519,3600.0,-2.7027027027026973,,
United Kingdom,2012,Historical,Vans,EV,410.0,86.36363636363636,3700.0,2.777777777777768,,
United Kingdom,2013,Historical,Vans,EV,290.0,-29.268292682926834,3600.0,-2.7027027027026973,,
United Kingdom,2014,Historical,Vans,EV,794.0,173.79310344827584,4104.0,13.99999999999999,,
United Kingdom,2015,Historical,Vans,EV,1058.0,33.249370277078086,4700.0,14.522417153996091,,
United Kingdom,2016,Historical,Vans,EV,1078.0,1.8903591682419618,5480.0,16.595744680851055,,
United Kingdom,2017,Historical,Vans,EV,1394.0,29.313543599257883,6520.0,18.97810218978102,,
United Kingdom,2018,Historical,Vans,EV,1650.0,18.364418938307026,7910.0,21.319018404907975,,
United Kingdom,2019,Historical,Vans,EV,3710.0,124.84848484848486,10590.0,33.881163084702905,,
United Kingdom,2020,Historical,Vans,EV,6260.0,68.73315363881403,17100.0,61.47308781869689,,
United Kingdom,2021,Historical,Vans,EV,13200.0,110.86261980830669,30300.0,77.19298245614034,,
United Kingdom,2022,Historical,Vans,EV,17410.0,31.893939393939384,41700.0,37.623762376237615,,
United Kingdom,2023,Historical,Vans,EV,22110.0,26.995979322228614,70900.0,70.02398081534773,,
World,2010,Historical,Buses,EV,1100.0,,8500.0,,,
World,2011,Historical,Buses,EV,840.0,-23.636363636363633,11160.0,31.294117647058826,,
World,2012,Historical,Buses,EV,2010.0,139.28571428571428,12680.0,13.62007168458781,,
World,2013,Historical,Buses,EV,3900.0,94.02985074626866,15400.0,21.451104100946374,,
World,2014,Historical,Buses,EV,10300.0,164.1025641025641,35500.0,130.5194805194805,,
World,2015,Historical,Buses,EV,58000.0,463.1067961165049,122000.0,243.6619718309859,,
World,2016,Historical,Buses,EV,84900.0,46.37931034482759,220000.0,80.32786885245902,,
World,2017,Historical,Buses,EV,89290.0,5.170789163722023,311000.0,41.36363636363636,,
World,2018,Historical,Buses,EV,86400.0,-3.236644641057229,402000.0,29.2604501607717,,
World,2019,Historical,Buses,EV,73400.0,-15.04629629629629,474000.0,17.910447761194035,,
World,2020,Historical,Buses,EV,63900.0,-12.94277929155313,535000.0,12.869198312236296,,
World,2021,Historical,Buses,EV,51000.0,-20.187793427230048,587000.0,9.719626168224305,,
World,2022,Historical,Buses,EV,59200.0,16.07843137254903,648000.0,10.391822827938668,,
World,2023,Historical,Buses,EV,49400.0,-16.554054054054056,689000.0,6.327160493827155,,
World,2010,Historical,Cars,EV,7450.0,,20400.0,,,
World,2011,Historical,Cars,EV,49000.0,557.7181208053692,67500.0,230.88235294117646,,
World,2012,Historical,Cars,EV,120000.0,144.89795918367346,190000.0,181.4814814814815,,
World,2013,Historical,Cars,EV,201000.0,67.5,390000.0,105.26315789473686,,
World,2014,Historical,Cars,EV,330000.0,64.17910447761194,710000.0,82.05128205128204,,
World,2015,Historical,Cars,EV,550000.0,66.66666666666667,1250000.0,76.05633802816902,,
World,2016,Historical,Cars,EV,760000.0,38.18181818181819,2010000.0,60.80000000000001,,
World,2017,Historical,Cars,EV,1180000.0,55.263157894736835,3100000.0,54.228855721393046,,
World,2018,Historical,Cars,EV,2060000.0,74.57627118644068,5200000.0,67.74193548387098,,
World,2019,Historical,Cars,EV,2080000.0,0.9708737864077666,7200000.0,38.46153846153846,,
World,2020,Historical,Cars,EV,2980000.0,43.269230769230774,10200000.0,41.66666666666667,,
World,2021,Historical,Cars,EV,6600000.0,121.4765100671141,16300000.0,59.80392156862746,,
World,2022,Historical,Cars,EV,10200000.0,54.54545454545454,26000000.0,59.50920245398772,,
World,2023,Historical,Cars,EV,13800000.0,35.29411764705883,40000000.0,53.846153846153854,,
World,2010,Historical,Trucks,EV,37.0,,1100.0,,,
World,2011,Historical,Trucks,EV,200.0,440.5405405405405,1300.0,18.181818181818187,,
World,2012,Historical,Trucks,EV,28.0,-86.0,1600.0,23.076923076923084,,
World,2013,Historical,Trucks,EV,40.0,42.85714285714286,2400.0,50.0,,
World,2014,Historical,Trucks,EV,55.0,37.5,2600.0,8.333333333333325,,
World,2015,Historical,Trucks,EV,17000.0,30809.090909090908,18036.0,593.6923076923077,,
World,2016,Historical,Trucks,EV,47000.0,176.47058823529412,65039.0,260.6065646484808,,
World,2017,Historical,Trucks,EV,71002.0,51.06808510638299,140052.0,115.3354141361337,,
World,2018,Historical,Trucks,EV,37001.0,-47.88738345398721,170066.0,21.430611487161922,,
World,2019,Historical,Trucks,EV,25032.0,-32.34777438447609,200088.0,17.653146425505394,,
World,2020,Historical,Trucks,EV,18031.0,-27.96820070310003,210110.0,5.00879612970293,,
World,2021,Historical,Trucks,EV,20560.0,14.025844379124841,230650.0,9.775831707201,,
World,2022,Historical,Trucks,EV,39280.0,91.05058365758755,270920.0,17.45935399956644,,
World,2023,Historical,Trucks,EV,53360.0,35.84521384928716,331300.0,22.28702199911412,,
World,2010,Historical,Vans,EV,1700.0,,7310.0,,,
World,2011,Historical,Vans,EV,3700.0,117.64705882352939,10260.0,40.35567715458277,,
World,2012,Historical,Vans,EV,11011.0,197.59459459459458,21310.0,107.69980506822611,,
World,2013,Historical,Vans,EV,11005.0,-0.05449096358187688,31370.0,47.20788362271233,,
World,2014,Historical,Vans,EV,11020.0,0.13630168105407403,43460.0,38.54000637551802,,
World,2015,Historical,Vans,EV,27780.0,152.08711433756807,68500.0,57.61619880349747,,
World,2016,Historical,Vans,EV,23170.0,-16.594672426205904,122000.0,78.1021897810219,,
World,2017,Historical,Vans,EV,86140.0,271.7738454898576,202700.0,66.14754098360656,,
World,2018,Historical,Vans,EV,80190.0,-6.907360111446481,313800.0,54.81006413418845,,
World,2019,Historical,Vans,EV,59280.0,-26.075570520014967,395800.0,26.13129381771828,,
World,2020,Historical,Vans,EV,86500.0,45.917678812415666,468000.0,18.24153612935826,,
World,2021,Historical,Vans,EV,176300.0,103.81502890173411,617800.0,32.008547008547005,,
World,2022,Historical,Vans,EV,317900.0,80.31764038570618,901000.0,45.84007769504694,,
World,2023,Historical,Vans,EV,466600.0,46.77571563384713,1315000.0,45.94894561598224,,
